Patente;Nro;FECHA;Kms.;MOTIVO;DESCRIPCIÓN;LUGAR;FACTURA Nro.;FECHA DE PAGO;MONTO;OBSERVACIONES;
AG366YU;;22/10/2025;120.000;SERVICIO;SE LE REALIZO EL SERVICIO DE MANTENIMIENTO DE 120.000 KM ;RENAULT - LOMAS;;;;;
AG445AJ;;21/10/2025;80.000;SERVICIO;SE LE REALIZO EL SERVICIO DE MANTENIMIENTO DE 80.000 KM ;RENAULT - LOMAS;;;;;
AF571RX;1;16/10/2025;140.000;SERVICIO;SE LE REALIZO EL SERVICIO DE MANTENIMIENTO DE 140.000 KM ;RENAULT - LOMAS;0045-00003034;;$ 788.509,32;;
AG278OX;2;13/10/2025;140.000;SERVICIO;SE LE REALIZO EL SERVICIO DE MANTENIMIENTO DE 140.000 KM ;RENAULT - LOMAS;;;;;
AG445AI;3;2/10/2025;140.000;SERVICIO;SE LE REALIZO EL SERVICIO DE MANTENIMIENTO DE 140.000 KM ;RENAULT - LOMAS;0045-00003017;;$ 772.278,12;;
AG196ZS;4;2/10/2025;80.000;SERVICIO;SE LE REALIZO EL SERVICIO DE MANTENIMIENTO DE 80.000 KM ;RENAULT - LOMAS;0045-00003018;;$ 772.277,95;;
AG315HB;5;1/10/2025;140.000;SERVICIO;SE LE REALIZO EL SERVICIO DE MANTENIMIENTO DE 140.000 KM ;RENAULT - LOMAS;0045-00003016;;$ 772.278,01;;
AF174KK;6;30/9/2025;170.000;REPARACION;SE REALIZO REEMPLAZO DE CAJA TERMOSTATICA;RENAULT - LOMAS;0045-00002986;;;;
AF571RW;7;30/9/2025;180.000;SERVICIO;SE LE REALIZO EL SERVICIO DE MANTENIMIENTO DE 180.000 KM ;RENAULT - LOMAS;0045-00002990;;;;
AG196ZR;8;29/9/2025;80.000;SERVICIO;SE LE REALIZO EL SERVICIO DE MANTENIMIENTO DE 80.000 KM ;RENAULT - LOMAS;0045-00002999;;$ 772.277,95;;
AG059DH;9;29/9/2025;140.000;SERVICIO;SE LE REALIZO EL SERVICIO DE MANTENIMIENTO DE 140.000 KM ;RENAULT - LOMAS;0045-00002985;;$ 772.277,95;;
AE667QX;10;24/9/2025;100.000;SERVICIO;SE LE REALIZO EL SERVICIO DE MANTENIMIENTO DE 100.000 KM ;RENAULT - LOMAS;0045-00002978;;;;
AF333BW;11;23/9/2025;90.000;SERVICIO;SE LE REALIZO EL SERVICIO DE MANTENIMIENTO DE 90.000 KM ;RENAULT - LOMAS;0045-00002977;;$ 233.672,74;;
AG705QM;12;17/9/2025;20.000;SERVICIO;SE LE REALIZO EL SERVICIO DE MANTENIMIENTO DE 20.000 KM ;RENAULT - LOMAS;0045-00002970;;$ 772.277,95;;
AF421HY;13;9/9/2025;140.000;SERVICIO;SE LE REALIZO EL SERVICIO DE MANTENIMIENTO DE 140.000 KM ;RENAULT - LOMAS;0045-00002951;;$ 772.277,95;;
AF481PG;14;3/9/2025;100.000;SERVICIO;SE LE REALIZO EL SERVICIO DE MANTENIMIENTO DE 100.000 KM ;RENAULT - LOMAS;0045-00002949;;$ 772.277,95;;
AF481OQ;15;3/9/2025;100.000;SERVICIO;SE LE REALIZO EL SERVICIO DE MANTENIMIENTO DE 100.000 KM ;PABLO;;;;;
AF047UQ;16;29/8/2025;176.165;SERVICIO;REEMPLAZO DE CAJA TERMOSTATICA + TERMOSTATO + LIQUIDO;RENAULT - LOMAS;0045-00002933;15/10/2025;;;
AG705QQ;17;21/8/2025;20.000;REPARACION;SE LE REALIZO EL SERVICIO DE MANTENIMIENTO DE 20.000 KM ;RENAULT - LOMAS;0045-00002906;15/10/2025;$ 618.008,14;;
AG278OZ;18;20/8/2025;120.000;SERVICIO;SE LE REALIZO EL SERVICIO DE MANTENIMIENTO DE 120.000 KM ;RENAULT - LOMAS;0045-00002927;15/10/2025;$ 895.166,46;;
AG445AJ;19;19/8/2025;60.000;SERVICIO;SE LE REALIZO EL SERVICIO DE MANTENIMIENTO DE 60.000 KM ;RENAULT - LOMAS;0045-00002916;15/10/2025;$ 895.166,52;;
AG126UB;20;18/8/2025;100.000;SERVICIO;SE LE REALIZO EL SERVICIO DE MANTENIMIENTO DE 100.000 KM ;RENAULT - LOMAS;0045-00002895;15/10/2025;$ 618.008,14;;
AG126UE;21;14/8/2025;100.000;SERVICIO;SE LE REALIZO EL SERVICIO DE MANTENIMIENTO DE 100.000 KM ;RENAULT - LOMAS;0045-00002889;15/10/2025;$ 618.008,14;;
AF757AT;22;14/8/2025;80.000;SERVICIO;SE LE REALIZO EL SERVICIO DE MANTENIMIENTO DE 80.000 KM ;RENAULT - LOMAS;0045-00002884;15/10/2025;$ 579.674,99;;
AG315HG;23;12/8/2025;100.000;SERVICIO;SE LE REALIZO EL SERVICIO DE MANTENIMIENTO DE 100.000 KM ;RENAULT - LOMAS;0045-00002880;15/10/2025;$ 579.674,98;;
AG315HD;24;7/8/2025;100.000;SERVICIO;SE LE REALIZO EL SERVICIO DE MANTENIMIENTO DE 100.000 KM ;RENAULT - LOMAS;0045-00002877;15/10/2025;$ 579.674,98;;
AG059DJ;25;5/8/2025;180.000;SERVICIO;SE LE REALIZO EL SERVICIO DE MANTENIMIENTO DE 180.000 KM ;RENAULT - LOMAS;0045-00002873;15/10/2025;$ 841.892,50;;
AF757AS;26;4/8/2025;140.000;SERVICIO;SE LE REALIZO EL SERVICIO DE MANTENIMIENTO DE 140.000 KM ;RENAULT - LOMAS;0045-00002872;15/10/2025;$ 579.675,04;;
AF452DA;27;1/8/2025;100.000;SERVICIO;SE LE REALIZO EL SERVICIO DE MANTENIMIENTO DE 100.000 KM ;RENAULT - LOMAS;0045-00002860;29/8/2025;$ 524.001,93;;
AG445AI;28;30/7/2025;120.000;SERVICIO;SE LE REALIZO EL SERVICIO DE MANTENIMIENTO DE 120.000 KM ;RENAULT - LOMAS;0045-00002852;29/8/2025;$ 778.519,39;;
AG315HB;29;29/7/2025;120.000;SERVICIO;SE LE REALIZO EL SERVICIO DE MANTENIMIENTO DE 120.000 KM ;RENAULT - LOMAS;0045-00002846;29/8/2025;$ 778.519,35;;
AF215FN;30;29/7/2025;120.000;SERVICIO;SE LE REALIZO EL SERVICIO DE MANTENIMIENTO DE 120.000 KM ;RENAULT - LOMAS;0045-00002848;29/8/2025;$ 778.519,35;;
AF333BT;31;25/7/2025;100.000;SERVICIO;SE LE REALIZO EL SERVICIO DE MANTENIMIENTO DE 100.000 KM ;RENAULT - LOMAS;0045-00002843;29/8/2025;$ 192.942,92;;
AG366YU;32;24/7/2025;100.000;SERVICIO;SE LE REALIZO EL SERVICIO DE MANTENIMIENTO DE 100.000 KM ;RENAULT - LOMAS;0045-00002834;29/8/2025;$ 524.002,00;;
AG059DG;33;17/7/2025;140.000;SERVICIO;SE LE REALIZO EL SERVICIO DE MANTENIMIENTO DE 140.000 KM ;RENAULT - LOMAS;0045-00002824;29/8/2025;$ 524.001,99;;
AF857HF;34;14/7/2025;180.000;SERVICIO;SE LE REALIZO EL SERVICIO DE MANTENIMIENTO DE 180.000 KM ;RENAULT - LOMAS;0045-00002812;29/8/2025;$ 524.001,99;;
AF215FO;35;10/7/2025;140.000;SERVICIO;SE LE REALIZO EL SERVICIO DE MANTENIMIENTO DE 140.000 KM ;RENAULT - LOMAS;0045-00002813;29/8/2025;$ 524.001,99;;
AG278OX;36;8/7/2025;100.000;SERVICIO;SE LE REALIZO EL SERVICIO DE MANTENIMIENTO DE 100.000 KM ;RENAULT - LOMAS;0045-00002801;29/8/2025;$ 524.001,93;;
AG196ZQ;37;7/7/2025;100.000;SERVICIO;SE LE REALIZO EL SERVICIO DE MANTENIMIENTO DE 100.000 KM ;RENAULT - LOMAS;0045-00002832;29/8/2025;$ 524.001,99;;
AF757AU;38;7/7/2025;180.000;SERVICIO;SE LE REALIZO EL SERVICIO DE MANTENIMIENTO DE 180.000 KM ;RENAULT - LOMAS;0045-00002802;29/8/2025;$ 524.001,93;;
AF047UW;39;1/7/2025;160.000;SERVICIO;SE LE REALIZO EL SERVICIO DE MANTENIMIENTO DE 160.000 KM ;RENAULT - LOMAS;0045-00002787;29/8/2025;$ 524.001,99;;
AF421HL;40;30/6/2025;80.000;SERVICIO;SE LE REALIZO EL SERVICIO DE MANTENIMIENTO DE 80.000 KM ;RENAULT - LOMAS;0045-00002788;29/8/2024;$ 367.652,28;;
AG278OY;41;30/6/2025;100.000;SERVICIO;SE LE REALIZO EL SERVICIO DE MANTENIMIENTO DE 100.000 KM ;RENAULT - LOMAS;0045-00002785;31/7/2025;$ 501.130,82;;
AG366YT;42;28/6/2025;140.000;SERVICIO;SE LE REALIZO EL SERVICIO DE MANTENIMIENTO DE 140.000 KM ;RENAULT - LOMAS;0045-00002784;31/7/2025;$ 501.130,83;;
AG196ZP;43;27/6/2025;100.000;SERVICIO;SE LE REALIZO EL SERVICIO DE MANTENIMIENTO DE 100.000 KM ;RENAULT - LOMAS;0045-00002781;31/7/2025;$ 834.298,49;;
AF333BV;44;26/6/2025;140.000;SERVICIO;SE LE REALIZO EL SERVICIO DE MANTENIMIENTO DE 140.000 KM ;RENAULT - LOMAS;0045-00002780;31/7/2025;$ 501.147,06;;
AF481PG;45;26/6/2025;80.000;SERVICIO;SE LE REALIZO EL SERVICIO DE MANTENIMIENTO DE 80.000 KM ;RENAULT - LOMAS;0045-00002779;31/7/2025;$ 516.930,78;;
AF174KK;46;24/6/2025;160.000;SERVICIO;SE LE REALIZO EL SERVICIO DE MANTENIMIENTO DE 160.000 KM ;RENAULT - LOMAS;0045-00002774;31/7/2025;$ 501.130,83;;
AF481PB;47;23/6/2025;140.000;SERVICIO;SE LE REALIZO EL SERVICIO DE MANTENIMIENTO DE 140.000 KM ;RENAULT - LOMAS;0045-00002771;31/7/2025;$ 501.130,83;;
AF333BS;48;18/6/2025;121.100;SERVICIO;SE REALIZO REEMPLAZO DE CAJA TERMOSTATICA;RENAULT - LOMAS;0045-00002764;31/7/2025;$ 501.733,25;;
AG059DH;49;17/6/2025;120.000;REPARACION;SE LE REALIZO EL SERVICIO DE MANTENIMIENTO DE 120.000 KM ;RENAULT - LOMAS;0045-00002762;31/7/2025;$ 531.752,32;;
AG445AJ;50;13/6/2025;40.000;SERVICIO;SE LE REALIZO EL SERVICIO DE MANTENIMIENTO DE 40.000 KM ;RENAULT - LOMAS;0015-00002319;31/7/2025;$ 532.730,72;;
AF757AZ;51;12/6/2025;120.000;SERVICIO;SE LE REALIZO EL SERVICIO DE MANTENIMIENTO DE 120.000 KM ;RENAULT - LOMAS;0015-00002315;31/7/2025;$ 750.073,02;;
AF270OW;52;11/6/2025;50.000;SERVICIO;SE LE REALIZO EL SERVICIO DE MANTENIMIENTO DE 50.000 KM ;RENAULT - LOMAS;0045-00002757;31/7/2025;$ 201.367,94;;
AF278OZ;53;6/6/2025;100.000;SERVICIO;SE LE REALIZO EL SERVICIO DE MANTENIMIENTO DE 100.000 KM ;RENAULT - LOMAS;0045-00002752;31/7/2025;$ 501.130,83;;
AF270OX;54;6/6/2025;60.000;SERVICIO;SE LE REALIZO EL SERVICIO DE MANTENIMIENTO DE 60.000 KM ;RENAULT - LOMAS;0045-00002751;31/7/2025;$ 559.622,04;;
AG445AI;55;2/6/2025;100.000;SERVICIO;SE LE REALIZO EL SERVICIO DE MANTENIMIENTO DE 100.000 KM ;RENAULT - LOMAS;0045-00002736;31/7/2025;$ 501.130,83;;
AG315HD;56;29/5/2025;80.000;SERVICIO;SE LE REALIZO EL SERVICIO DE MANTENIMIENTO DE 80.000 KM ;RENAULT - LOMAS;0045-00002732;30/6/2025;$ 504.159,02;;
AG315HB;57;27/5/2025;100.000;SERVICIO;SE LE REALIZO EL SERVICIO DE MANTENIMIENTO DE 100.000 KM ;RENAULT - LOMAS;0045-00002731;30/6/2025;$ 504.159,02;;
AG315HG;58;19/5/2025;80.000;SERVICIO;SE LE REALIZO EL SERVICIO DE MANTENIMIENTO DE 80.000 KM ;RENAULT - LOMAS;0045-00002718;30/6/2025;$ 504.159,02;;
AF305MA;59;14/5/2025;160.000;SERVICIO;SE LE REALIZO EL SERVICIO DE MANTENIMIENTO DE 160.000 KM ;RENAULT - LOMAS;0045-00002699;30/6/2025;$ 504.159,03;;
AG012UV;60;14/5/2025;40.000;SERVICIO;SE LE REALIZO EL SERVICIO DE MANTENIMIENTO DE 40.000 KM ;RENAULT - LOMAS;0045-00002697;30/6/2025;$ 504.159,02;;
AF481OU;61;14/5/2025;60.000;SERVICIO;SE LE REALIZO EL SERVICIO DE MANTENIMIENTO DE 60.000 KM ;RENAULT - LOMAS;0045-00002695;30/6/2025;$ 561.164,98;;
AF481OQ;62;7/5/2025;90.000;SERVICIO;SE LE REALIZO EL SERVICIO DE MANTENIMIENTO DE 90.000 KM ;PABLO;;;;;
AF857HF;63;6/5/2025;160.000;SERVICIO;SE LE REALIZO EL SERVICIO DE MANTENIMIENTO DE 160.000 KM ;RENAULT - LOMAS;0045-00002686;30/6/2025;$ 504.159,08;;
AG059DJ;64;1/5/2025;160.000;SERVICIO;SE LE REALIZO EL SERVICIO DE MANTENIMIENTO DE 160.000 KM ;RENAULT - LOMAS;0045-00002685;30/6/2025;$ 486.341,62;;
AF757AS;65;1/5/2025;120.000;SERVICIO;SE LE REALIZO EL SERVICIO DE MANTENIMIENTO DE 120.000 KM ;RENAULT - LOMAS;0045-00002684;30/6/2025;$ 745.957,23;;
AG126UB;66;30/4/2025;80.000;SERVICIO;SE LE REALIZO EL SERVICIO DE MANTENIMIENTO DE 80.000 KM ;RENAULT - LOMAS;0045-00002669;;$ 501.729,18;;
AF333BT;67;29/4/2025;90.000;SERVICIO;SE LE REALIZO EL SERVICIO DE MANTENIMIENTO DE 90.000 KM ;RENAULT - LOMAS;0045-00002667;6/6/2025;$ 186.623,74;;
AG366YU;68;29/4/2025;80.000;SERVICIO;SE LE REALIZO EL SERVICIO DE MANTENIMIENTO DE 80.000 KM ;RENAULT - LOMAS;0045-00002666;6/6/2025;$ 501.729,19;;
AF757AU;69;25/4/2025;160.000;SERVICIO;SE LE REALIZO EL SERVICIO DE MANTENIMIENTO DE 160.000 KM ;RENAULT - LOMAS;0045-00002655;6/6/2025;$ 486.341,62;;
AF452DA;70;25/4/2025;80.000;SERVICIO;SE LE REALIZO EL SERVICIO DE MANTENIMIENTO DE 80.000 KM ;RENAULT - LOMAS;0045-00002657;6/6/2025;$ 501.729,45;;
AG445AJ;71;22/4/2025;20.000;SERVICIO;REPARACION SINIESTRO 743989;RENAULT - LOMAS;0019-00002796;6/6/2025;$ 485.157,06;;
AG366YT;72;21/4/2025;120.000;REPARACION;SE LE REALIZO EL SERVICIO DE MANTENIMIENTO DE 120.000 KM ;RENAULT - LOMAS;0045-00002647;6/6/2025;$ 719.609,17;;
AG059DG;73;14/4/2025;120.000;SERVICIO;SE LE REALIZO EL SERVICIO DE MANTENIMIENTO DE 120.000 KM ;RENAULT - LOMAS;0045-00002640;6/6/2025;$ 719.609,19;;
AG278OX;74;11/4/2025;80.000;SERVICIO;SE LE REALIZO EL SERVICIO DE MANTENIMIENTO DE 80.000 KM ;RENAULT - LOMAS;0045-00002642;6/6/2025;$ 486.340,01;;
AF333BS;75;9/4/2025;120.000;SERVICIO;SE LE REALIZO EL SERVICIO DE MANTENIMIENTO DE 120.000 KM ;RENAULT - LOMAS;0045-00002639;6/6/2025;$ 719.609,23;;
AG126UE;76;7/4/2025;80.000;SERVICIO;SE LE REALIZO EL SERVICIO DE MANTENIMIENTO DE 80.000 KM ;RENAULT - LOMAS;0045-00002617;6/6/2025;$ 486.341,62;;
AG315HB;77;4/4/2025;80.000;SERVICIO;SE LE REALIZO EL SERVICIO DE MANTENIMIENTO DE 80.000 KM ;RENAULT - LOMAS;0045-00002584;6/6/2025;$ 486.341,68;;
AF608ZD;78;31/3/2025;120.000;SERVICIO;SE LE REALIZO EL SERVICIO DE MANTENIMIENTO DE 120.000 KM ;RENAULT - LOMAS;0045-00002577;6/6/2025;$ 669.439,88;;
AG445AI;79;31/3/2025;80.000;SERVICIO;SE LE REALIZO EL SERVICIO DE MANTENIMIENTO DE 80.000 KM ;RENAULT - LOMAS;0045-00002613;6/6/2025;$ 445.467,14;;
AG278OZ;80;26/3/2025;80.000;SERVICIO;SE LE REALIZO EL SERVICIO DE MANTENIMIENTO DE 80.000 KM ;RENAULT - LOMAS;0045-00002562;12/5/2025;$ 445.467,14;;
AF215FN;81;19/3/2025;100.000;SERVICIO;SE LE REALIZO EL SERVICIO DE MANTENIMIENTO DE 100.000 KM ;RENAULT - LOMAS;0045-00002546;12/5/2025;$ 445.467,14;;
AF571RW;82;18/3/2025;160.000;SERVICIO;SE LE REALIZO EL SERVICIO DE MANTENIMIENTO DE 160.000 KM ;RENAULT - LOMAS;0045-00002550;19/3/2025;$ 445.467,14;;
AF333BW;83;17/3/2025;80.000;SERVICIO;SE LE REALIZO EL SERVICIO DE MANTENIMIENTO DE 80.000 KM ;RENAULT - LOMAS;0045-00002549;12/5/2025;$ 276.903,45;;
AF333BV;84;11/3/2025;140.000;SERVICIO;SE LE REALIZO EL SERVICIO DE MANTENIMIENTO DE 140.000 KM ;RENAULT - LOMAS;0045-00002536;12/5/2025;$ 445.467,14;;
AG315HG;85;11/3/2025;60.000;SERVICIO;SE LE REALIZO EL SERVICIO DE MANTENIMIENTO DE 60.000 KM ;RENAULT - LOMAS;0045-00002535;12/5/2025;$ 669.439,88;;
AG196ZS;86;10/3/2025;60.000;SERVICIO;SE LE REALIZO EL SERVICIO DE MANTENIMIENTO DE 60.000 KM ;RENAULT - LOMAS;0045-00002534;12/5/2025;$ 669.439,94;;
AG196ZQ;87;7/3/2025;80.000;SERVICIO;SE LE REALIZO EL SERVICIO DE MANTENIMIENTO DE 80.000 KM ;RENAULT - LOMAS;0045-00002532;12/5/2025;$ 539.894,87;;
AG012UT;88;7/3/2025;40.000;SERVICIO;SE LE REALIZO EL SERVICIO DE MANTENIMIENTO DE 40.000 KM ;RENAULT - LOMAS;0045-00002533;12/5/2025;$ 445.467,14;;
AF421HL;89;5/3/2025;70.000;SERVICIO;SE LE REALIZO EL SERVICIO DE MANTENIMIENTO DE 70.000 KM ;RENAULT - LOMAS;0045-00002542;12/5/2025;$ 180.583,53;;
AG059DJ;90;27/2/2025;140.000;SERVICIO;SE LE REALIZO EL SERVICIO DE MANTENIMIENTO DE 140.000 KM ;RENAULT - LOMAS;0045-00002544;12/5/2025;$ 432.994,57;;
AF333BT;91;27/2/2025;80.000;SERVICIO;SE LE REALIZO EL SERVICIO DE MANTENIMIENTO DE 80.000 KM ;RENAULT - LOMAS;0045-00002543;12/5/2025;$ 287.188,70;;
AF481OU;92;26/2/2025;50.000;SERVICIO;SE LE REALIZO EL SERVICIO DE MANTENIMIENTO DE 50.000 KM ;RENAULT - LOMAS;0045-00002509;15/4/2025;$ 176.400,01;;
AG059DH;93;20/2/2025;100.000;SERVICIO;SE LE REALIZO EL SERVICIO DE MANTENIMIENTO DE 100.000 KM ;RENAULT - LOMAS;0045-00002502;15/4/2025;$ 428.392,01;;
AF857HF;94;17/2/2025;140.000;SERVICIO;SE LE REALIZO EL SERVICIO DE MANTENIMIENTO DE 140.000 KM ;RENAULT - LOMAS;0045-00002494;15/4/2025;$ 494.290,00;;
AG196ZP;95;17/2/2025;80.000;SERVICIO;SE LE REALIZO EL SERVICIO DE MANTENIMIENTO DE 80.000 KM ;RENAULT - LOMAS;0045-00002495;15/4/2025;$ 520.967,99;;
AG059DG;96;12/2/2025;100.000;SERVICIO;SE LE REALIZO EL SERVICIO DE MANTENIMIENTO DE 100.000 KM ;RENAULT - LOMAS;0045-00002492;;$ 428.392,01;;
AF757AU;97;12/2/2025;140.000;SERVICIO;SE LE REALIZO EL SERVICIO DE MANTENIMIENTO DE 140.000 KM ;RENAULT - LOMAS;0045-00002497;15/4/2025;$ 428.392,91;;
AG366YT;98;10/2/2025;100.000;SERVICIO;SE LE REALIZO EL SERVICIO DE MANTENIMIENTO DE 100.000 KM ;RENAULT - LOMAS;0045-00002465;12/3/2025;$ 395.431,99;;
AF757AS;99;4/2/2025;100.000;SERVICIO;SE LE REALIZO EL SERVICIO DE MANTENIMIENTO DE 100.000 KM ;RENAULT - LOMAS;0045-00002474;15/4/2025;$ 395.431,99;;
AG315HB;100;3/2/2025;60.000;SERVICIO;SE LE REALIZO EL SERVICIO DE MANTENIMIENTO DE 60.000 KM ;RENAULT - LOMAS;0045-00002466;12/3/2025;$ 620.888,00;;
AG315HD;101;3/2/2025;60.000;SERVICIO;SE LE REALIZO EL SERVICIO DE MANTENIMIENTO DE 60.000 KM ;RENAULT - LOMAS;0045-00002467;12/3/2025;$ 620.887,99;;
AF757AT;102;30/1/2025;60.000;SERVICIO;REPARACION SINIESTRO 743148;RENAULT - LOMAS;0019-00002750;12/3/2025;$ 480.000,01;;
AG445AI;103;28/1/2025;60.000;REPARACION;SE LE REALIZO EL SERVICIO DE MANTENIMIENTO DE 60.000 KM ;RENAULT - LOMAS;0045-00002458;12/3/2025;$ 620.888,00;;
AG445AJ;104;27/1/2025;20.000;SERVICIO;SE LE REALIZO EL SERVICIO DE MANTENIMIENTO DE 20.000 KM ;RENAULT - LOMAS;0045-00002454;12/3/2025;$ 395.431,99;;
AF757AW;105;27/1/2025;60.000;SERVICIO;SE LE REALIZO EL SERVICIO DE MANTENIMIENTO DE 60.000 KM ;RENAULT - LOMAS;0045-00002453;12/3/2025;$ 936.888,03;;
AG126UE;106;23/1/2025;120.000;SERVICIO;REPARACION CALIPER DE FRENOS;RENAULT - LOMAS;0019-00002734;12/3/2025;$ 1.434.254,93;;
AA909VM;107;22/1/2025;100.000;REPARACION;REPARACION Y REEMPLAZO DEL COMPRESOR DEL A/A;RENAULT - LOMAS;0045-00002438;12/3/2025;$ 1.455.999,99;;
AF237KR;108;22/1/2025;40.000;REPARACION;SE LE REALIZO EL SERVICIO DE MANTENIMIENTO DE 40.000 KM ;RENAULT - LOMAS;0045-00002440;12/3/2025;$ 338.168,00;;
AG278OX;109;21/1/2025;60.000;SERVICIO;SE LE REALIZO EL SERVICIO DE MANTENIMIENTO DE 60.000 KM ;RENAULT - LOMAS;0045-00002439;12/3/2025;$ 620.888,00;;
AA909VM;110;18/1/2025;112.000;SERVICIO;REPARACION DE CAÑO DE A/A;RENAULT - LOMAS;0045-00002434;12/3/2025;;;
AF086CU;111;16/1/2025;140.000;REPARACION;SE LE REALIZO EL SERVICIO DE MANTENIMIENTO DE 140.000 KM ;RENAULT - LOMAS;0045-00002548;12/5/2025;$ 445.467,14;;
AF333BU;112;14/1/2025;160.000;SERVICIO;SE LE REALIZO EL SERVICIO DE MANTENIMIENTO DE 160.000 KM ;RENAULT - LOMAS;0045-00002427;12/3/2025;$ 485.220,02;;
AF452DA;113;13/1/2025;60.000;SERVICIO;SE LE REALIZO EL SERVICIO DE MANTENIMIENTO DE 60.000 KM ;RENAULT - LOMAS;0045-00002428;12/3/2025;$ 620.888,05;;
AG278OZ;114;13/1/2025;60.000;SERVICIO;SE LE REALIZO EL SERVICIO DE MANTENIMIENTO DE 60.000 KM ;RENAULT - LOMAS;0045-00002430;12/3/2025;$ 620.888,00;;
AF481PB;115;6/1/2025;120.000;SERVICIO;SE LE REALIZO EL SERVICIO DE MANTENIMIENTO DE 120.000 KM ;RENAULT - LOMAS;0045-00002413;12/3/2025;$ 620.888,00;;
AF481OU;116;3/1/2025;40.000;SERVICIO;SE LE REALIZO EL SERVICIO DE MANTENIMIENTO DE 40.000 KM ;RENAULT - LOMAS;0045-00002412;12/3/2025;$ 277.204,01;;
AF047UX;117;31/12/2024;100.900;SERVICIO;REPARACION DE A/A;RENAULT - LOMAS;0045-00002406;7/2/2025;;;
AG059DJ;118;26/12/2024;120.000;REPARACION;SE LE REALIZO EL SERVICIO DE MANTENIMIENTO DE 120.000 KM ;RENAULT - LOMAS;0045-00002404;7/2/2025;$ 613.764,01;;
AF571RX;119;23/12/2024;120.000;SERVICIO;SE LE REALIZO EL SERVICIO DE MANTENIMIENTO DE 120.000 KM ;RENAULT - LOMAS;0045-00002400;7/2/2025;$ 613.764,01;;
AG315HG;120;23/12/2024;40.000;SERVICIO;SE LE REALIZO EL SERVICIO DE MANTENIMIENTO DE 40.000 KM ;RENAULT - LOMAS;0045-00002398;7/2/2025;$ 403.479,99;;
AG445AI;121;11/12/2024;40.000;SERVICIO;SE LE REALIZO EL SERVICIO DE MANTENIMIENTO DE 40.000 KM ;RENAULT - LOMAS;0045-00002388;7/2/2025;$ 354.424,02;;
AF047UR;122;10/12/2024;140.000;SERVICIO;SE LE REALIZO EL SERVICIO DE MANTENIMIENTO DE 140.000 KM ;RENAULT - LOMAS;0045-00002387;7/2/2025;$ 354.424,00;;
AF481PH;123;9/12/2024;140.000;SERVICIO;SE LE REALIZO EL SERVICIO DE MANTENIMIENTO DE 140.000 KM ;RENAULT - LOMAS;0045-00002385;7/2/2025;$ 354.424,00;;
AF757AU;124;5/12/2024;120.000;SERVICIO;SE LE REALIZO EL SERVICIO DE MANTENIMIENTO DE 120.000 KM ;RENAULT - LOMAS;0045-00002381;7/2/2025;$ 613.764,01;;
AF047UQ;125;3/12/2024;160.000;SERVICIO;SE LE REALIZO EL SERVICIO DE MANTENIMIENTO DE 160.000 KM ;RENAULT - LOMAS;0045-00002378;7/2/2025;$ 390.272,00;;
AF047UX;126;3/12/2024;100.000;SERVICIO;SE LE REALIZO EL SERVICIO DE MANTENIMIENTO DE 100.000 KM ;RENAULT - LOMAS;0045-00002373;7/2/2025;$ 390.272,00;;
AF857HF;127;3/12/2024;120.000;SERVICIO;SE LE REALIZO EL SERVICIO DE MANTENIMIENTO DE 120.000 KM ;RENAULT - LOMAS;0045-00002376;7/2/2025;$ 613.764,01;;
AG315HD;128;2/12/2024;40.000;SERVICIO;SE LE REALIZO EL SERVICIO DE MANTENIMIENTO DE 40.000 KM ;RENAULT - LOMAS;0045-00002372;7/2/2025;$ 390.272,00;;
AG278OY;129;29/11/2024;80.000;SERVICIO;SE LE REALIZO EL SERVICIO DE MANTENIMIENTO DE 80.000 KM ;RENAULT - LOMAS;0045-00002366;30/12/2024;$ 388.184,00;;
AG366YT;130;28/11/2024;80.000;SERVICIO;SE LE REALIZO EL SERVICIO DE MANTENIMIENTO DE 80.000 KM ;RENAULT - LOMAS;0045-00002367;30/12/2024;$ 388.184,00;;
AG196ZQ;131;28/11/2024;60.000;SERVICIO;SE LE REALIZO EL SERVICIO DE MANTENIMIENTO DE 60.000 KM ;RENAULT - LOMAS;0045-00002368;30/12/2024;$ 602.552,02;;
AG196ZP;132;27/11/2024;60.000;SERVICIO;SE LE REALIZO EL SERVICIO DE MANTENIMIENTO DE 60.000 KM ;RENAULT - LOMAS;0045-00002359;30/12/2024;$ 602.552,02;;
AG315HB;133;27/11/2024;40.000;SERVICIO;SE LE REALIZO EL SERVICIO DE MANTENIMIENTO DE 40.000 KM ;RENAULT - LOMAS;0045-00002358;30/12/2024;$ 388.184,00;;
AF047UX;134;26/11/2024;95.000;SERVICIO;REPARACION SINIESTRO 739234;RENAULT - LOMAS;0019-00002709;30/12/2024;$ 480.000,02;;
AF305MA;135;26/11/2024;140.000;REPARACION;SE LE REALIZO EL SERVICIO DE MANTENIMIENTO DE 140.000 KM ;RENAULT - LOMAS;0045-00002365;30/12/2024;$ 388.184,00;;
AG366YU;136;25/11/2024;60.000;SERVICIO;SE LE REALIZO EL SERVICIO DE MANTENIMIENTO DE 60.000 KM ;RENAULT - LOMAS;0045-00002354;30/12/2024;$ 602.552,02;;
AF757AZ;137;25/11/2024;100.000;SERVICIO;SE LE REALIZO EL SERVICIO DE MANTENIMIENTO DE 100.000 KM ;RENAULT - LOMAS;0045-00002353;30/12/2024;$ 388.184,00;;
AF333BT;138;24/11/2024;70.000;SERVICIO;SE LE REALIZO EL SERVICIO DE MANTENIMIENTO DE 70.000 KM ;RENAULT - LOMAS;0045-00002347;30/12/2024;$ 166.040,06;;
AG059DG;139;22/11/2024;80.000;SERVICIO;SE LE REALIZO EL SERVICIO DE MANTENIMIENTO DE 80.000 KM ;RENAULT - LOMAS;0045-00002352;30/12/2024;$ 388.184,00;;
AF333BT;140;20/11/2024;70.000;SERVICIO;REPARACION SINIESTRO  738130;RENAULT - LOMAS;0019-00002702;30/12/2024;$ 260.000,00;;
AF333BW;141;20/11/2024;70.000;REPARACION;SE LE REALIZO EL SERVICIO DE MANTENIMIENTO DE 70.000 KM ;RENAULT - LOMAS;0045-00002332;30/12/2024;$ 166.040,00;;
AF608ZD;142;12/11/2024;100.000;SERVICIO;SE LE REALIZO EL SERVICIO DE MANTENIMIENTO DE 100.000 KM ;RENAULT - LOMAS;0045-00002318;30/12/2024;$ 388.184,00;;
AF421HL;143;11/11/2024;60.000;SERVICIO;SE LE REALIZO EL SERVICIO DE MANTENIMIENTO DE 60.000 KM ;RENAULT - LOMAS;0045-00002319;30/12/2024;$ 260.623,99;;
AF757AS;144;2/11/2024;80.000;SERVICIO;SE LE REALIZO EL SERVICIO DE MANTENIMIENTO DE 80.000 KM ;RENAULT - LOMAS;0045-00002300;30/12/2024;$ 499.144,00;;
AG278OZ;145;31/10/2024;40.000;SERVICIO;SE LE REALIZO EL SERVICIO DE MANTENIMIENTO DE 40.000 KM ;RENAULT - LOMAS;0045-00002295;25/11/2024;$ 377.060,01;;
AF270OX;146;30/10/2024;50.000;SERVICIO;SE LE REALIZO EL SERVICIO DE MANTENIMIENTO DE 50.000 KM ;RENAULT - LOMAS;0045-00002286;25/11/2024;$ 166.040,06;;
AG278OX;147;29/10/2024;40.000;SERVICIO;SE LE REALIZO EL SERVICIO DE MANTENIMIENTO DE 40.000 KM ;RENAULT - LOMAS;0045-00002287;25/11/2024;$ 377.059,99;;
AF047UW;148;25/10/2024;140.000;SERVICIO;SE LE REALIZO EL SERVICIO DE MANTENIMIENTO DE 140.000 KM ;RENAULT - LOMAS;0045-00002275;25/11/2024;$ 365.672,01;;
AF481OU;149;24/10/2024;30.000;SERVICIO;SE LE REALIZO EL SERVICIO DE MANTENIMIENTO DE 30.000 KM ;RENAULT - LOMAS;0045-00002276;25/11/2024;$ 166.040,00;;
AG059DJ;150;24/10/2024;100.000;SERVICIO;SE LE REALIZO EL SERVICIO DE MANTENIMIENTO DE 100.000 KM ;RENAULT - LOMAS;0045-00002273;25/11/2024;$ 365.672,01;;
AF215FO;151;21/10/2024;120.000;SERVICIO;REPARACION SINIESTRO 738421;RENAULT - LOMAS;0019-00002665;25/11/2024;$ 480.000,01;;
AG366YT;152;18/10/2024;60.000;REPARACION;SE LE REALIZO EL SERVICIO DE MANTENIMIENTO DE 60.000 KM ;RENAULT - LOMAS;0017-00004037;25/11/2024;$ 573.676,02;;
AF333BU;153;17/10/2024;140.000;SERVICIO;SE LE REALIZO EL SERVICIO DE MANTENIMIENTO DE 140.000 KM ;RENAULT - LOMAS;0017-00004025;25/11/2024;$ 365.671,99;;
AF481PB;154;8/10/2024;100.000;SERVICIO;SE LE REALIZO EL SERVICIO DE MANTENIMIENTO DE 100.000 KM ;RENAULT - LOMAS;0045-00002280;25/11/2024;$ 365.672,01;;
AF757AT;155;7/10/2024;60.000;SERVICIO;SE LE REALIZO EL SERVICIO DE MANTENIMIENTO DE 60.000 KM ;RENAULT - LOMAS;0045-00002279;25/11/2024;$ 573.676,00;;
AG059DH;156;7/10/2024;80.000;SERVICIO;SE LE REALIZO EL SERVICIO DE MANTENIMIENTO DE 80.000 KM ;RENAULT - LOMAS;0045-00002278;25/11/2024;$ 365.671,99;;
AF757AU;157;1/10/2024;100.000;SERVICIO;SE LE REALIZO EL SERVICIO DE MANTENIMIENTO DE 100.000 KM ;RENAULT - LOMAS;0045-00002277;25/11/2024;$ 365.671,99;;
AG705QQ;158;30/9/2024;10.000;SERVICIO;REPARACION SINIESTRO 737598;RENAULT - LOMAS;0019-00002662;21/11/2024;$ 480.000,01;;
AG315HB;159;30/9/2024;20.000;REPARACION;REPARACION SINIESTRO 737703;RENAULT - LOMAS;0019-00002661;21/11/2024;$ 480.000,02;;
AF452DA;160;26/9/2024;100.000;REPARACION;SE LE REALIZO EL SERVICIO DE MANTENIMIENTO DE 100.000 KM ;RENAULT - LOMAS;0045-00002230;21/11/2024;$ 350.948,01;;
AF857HF;161;20/9/2024;100.000;SERVICIO;SE LE REALIZO EL SERVICIO DE MANTENIMIENTO DE 100.000 KM ;RENAULT - LOMAS;0045-00002226;15/4/2025;$ 350.727,42;;
AG445AI;162;12/9/2024;20.000;SERVICIO;SE LE REALIZO EL SERVICIO DE MANTENIMIENTO DE 20.000 KM ;RENAULT - LOMAS;0045-00002203;21/11/2024;$ 350.947,99;;
AG315HD;163;3/9/2024;20.000;SERVICIO;SE LE REALIZO EL SERVICIO DE MANTENIMIENTO DE 20.000 KM ;RENAULT - LOMAS;0045-00002190;14/10/2024;$ 350.947,99;;
AF270OW;164;2/9/2024;40.000;SERVICIO;SE LE REALIZO EL SERVICIO DE MANTENIMIENTO DE 40.000 KM ;RENAULT - LOMAS;0045-00002189;14/10/2024;$ 258.196,46;;
AF333BW;165;27/8/2024;60.000;SERVICIO;SE LE REALIZO EL SERVICIO DE MANTENIMIENTO DE 60.000 KM ;RENAULT - LOMAS;0045-00002187;20/9/2024;$ 249.372,00;;
AF608ZC;166;26/8/2024;20.000;SERVICIO;SE LE REALIZO EL SERVICIO DE MANTENIMIENTO DE 20.000 KM ;RENAULT - LOMAS;0045-00002185;20/9/2024;$ 158.312,02;;
AG315HG;167;23/8/2024;20.000;SERVICIO;SE LE REALIZO EL SERVICIO DE MANTENIMIENTO DE 20.000 KM ;RENAULT - LOMAS;0045-00002177;20/9/2024;$ 350.948,02;;
AG059DH;168;22/8/2024;76.888;SERVICIO;SE LE REALIZO CAMBIO DEL GUARDABARRO DEL DERECHO;RENAULT - LOMAS;0019-00002634;21/11/2024;$ 50.000,00;;
AG278OY;169;22/8/2024;60.000;REPARACION;SE LE REALIZO EL SERVICIO DE MANTENIMIENTO DE 60.000 KM ;RENAULT - LOMAS;0045-00002176;20/9/2024;$ 565.156,01;;
AG366YT;170;21/8/2024;40.000;SERVICIO;SE LE REALIZO EL SERVICIO DE MANTENIMIENTO DE 40.000 KM ;RENAULT - LOMAS;0045-00002172;20/9/2024;$ 350.948,02;;
AF481OQ;171;21/8/2024;70.000;SERVICIO;SE LE REALIZO EL SERVICIO DE MANTENIMIENTO DE 70.000 KM ;RENAULT - LOMAS;0045-00002171;20/9/2024;$ 158.312,19;;
AE937QP;172;20/8/2024;150.000;SERVICIO;SE LE REALIZO EL SERVICIO DE MANTENIMIENTO DE 150.000 KM ;JAVIER ACUÑA;;;;;
NOU018;173;13/8/2024;;SERVICIO;;;;;;;
AG196ZQ;174;13/8/2024;49.571;REPARACION;REPARACION SINIESTRO 735027;RENAULT - LOMAS;0019-00002656;21/11/2024;$ 480.000,10;;
AF215FO;175;13/8/2024;120.000;REPARACION;SE LE REALIZO EL SERVICIO DE MANTENIMIENTO DE 120.000 KM ;RENAULT - LOMAS;0045-00002179;20/9/2024;$ 565.156,16;;
AG012UT;176;13/8/2024;20.000;SERVICIO;SE LE REALIZO EL SERVICIO DE MANTENIMIENTO DE 20.000 KM ;RENAULT - LOMAS;0045-00002180;20/9/2024;$ 350.948,02;;
AF333BT;177;7/8/2024;60.000;SERVICIO;SE LE REALIZO EL SERVICIO DE MANTENIMIENTO DE 60.000 KM ;RENAULT - LOMAS;0045-00002144;20/9/2024;$ 248.616,01;;
AF481PH;178;7/8/2024;120.000;SERVICIO;SE LE REALIZO EL SERVICIO DE MANTENIMIENTO DE 120.000 KM ;RENAULT - LOMAS;0045-00002136;20/9/2024;$ 565.156,16;;
AF421HY;179;7/8/2024;120.000;SERVICIO;SE LE REALIZO EL SERVICIO DE MANTENIMIENTO DE 120.000 KM ;RENAULT - LOMAS;0045-00002143;20/9/2024;$ 565.147,20;;
AF571RX;180;1/8/2024;100.000;SERVICIO;SE LE REALIZO EL SERVICIO DE MANTENIMIENTO DE 100.000 KM ;RENAULT - LOMAS;0045-00002145;20/9/2024;$ 338.980,00;;
AF571RW;181;31/7/2024;140.000;SERVICIO;SE LE REALIZO EL SERVICIO DE MANTENIMIENTO DE 140.000 KM ;RENAULT - LOMAS;0045-00002125;20/9/2024;$ 338.980,00;;
AF237KR;182;24/7/2024;30.000;SERVICIO;SE LE REALIZO EL SERVICIO DE MANTENIMIENTO DE 30.000 KM ;RENAULT - LOMAS;0045-00002127;20/9/2024;$ 145.840,02;;
AF421HL;183;23/7/2024;50.000;SERVICIO;SE LE REALIZO EL SERVICIO DE MANTENIMIENTO DE 50.000 KM ;RENAULT - LOMAS;0045-00002126;20/9/2024;$ 145.840,02;;
AF333BS;184;17/7/2024;100.000;SERVICIO;SE LE REALIZO EL SERVICIO DE MANTENIMIENTO DE 100.000 KM ;RENAULT - LOMAS;0045-00001719;;$ 287.376,00;;
AG126UE;185;14/7/2024;60.000;SERVICIO;SE LE REALIZO EL SERVICIO DE MANTENIMIENTO DE 60.000 KM ;RENAULT - LOMAS;0045-00002091;;$ 538.951,99;;
AG366YU;186;12/7/2024;40.000;SERVICIO;SE LE REALIZO EL SERVICIO DE MANTENIMIENTO DE 40.000 KM ;RENAULT - LOMAS;0045-00002090;;$ 333.715,99;;
AG059DJ;187;11/7/2024;80.000;SERVICIO;SE LE REALIZO EL SERVICIO DE MANTENIMIENTO DE 80.000 KM ;RENAULT - LOMAS;0045-00002085;;$ 333.715,99;;
AG315HB;188;1/7/2024;20.000;SERVICIO;SE LE REALIZO EL SERVICIO DE MANTENIMIENTO DE 20.000 KM ;RENAULT - LOMAS;0045-00002065;8/8/2024;$ 333.716,02;;
AF174KK;189;27/6/2024;140.000;SERVICIO;SE LE REALIZO EL SERVICIO DE MANTENIMIENTO DE 140.000 KM ;RENAULT - LOMAS;0045-00002066;8/8/2024;$ 333.716,02;;
AF047UR;190;25/6/2024;120.000;SERVICIO;SE LE REALIZO EL SERVICIO DE MANTENIMIENTO DE 120.000 KM ;RENAULT - LOMAS;0045-00002049;8/8/2024;$ 549.139,99;;
AG059DG;191;25/6/2024;60.000;SERVICIO;SE LE REALIZO EL SERVICIO DE MANTENIMIENTO DE 60.000 KM ;RENAULT - LOMAS;0045-00002050;8/8/2024;$ 549.139,99;;
AE937QN;192;25/6/2024;80.000;SERVICIO;SE LE REALIZO EL SERVICIO DE MANTENIMIENTO DE 80.000 KM ;JAVIER ACUÑA;;;;;
AG366YT;193;24/6/2024;20.000;SERVICIO;SE LE REALIZO EL SERVICIO DE MANTENIMIENTO DE 20.000 KM ;RENAULT - LOMAS;0045-00002037;8/8/2024;$ 347.200,18;;
AF481OR;194;4/6/2024;30.000;SERVICIO;SE LE REALIZO EL SERVICIO DE MANTENIMIENTO DE 30.000 KM ;RENAULT - LOMAS;0045-00002048;8/8/2024;$ 143.439,99;;
AF757AW;195;4/6/2024;40.000;SERVICIO;SE LE REALIZO EL SERVICIO DE MANTENIMIENTO DE 40.000 KM ;RENAULT - LOMAS;0045-00001998;4/7/2024;$ 347.120,03;;
AF757AW;196;4/6/2024;40.000;SERVICIO;SE LE REALIZO CAMBIO DEL GUARDABARRO DEL DERECHO;RENAULT - LOMAS;0019-00002606;4/7/2024;$ 480.000,02;;
AF481OU;197;23/5/2024;20.000;REPARACION;SE LE REALIZO EL SERVICIO DE MANTENIMIENTO DE 20.000 KM ;RENAULT - LOMAS;0045-00001968;11/6/2024;$ 134.560,18;;
AG278OY;198;17/5/2024;40.000;SERVICIO;SE LE REALIZO EL SERVICIO DE MANTENIMIENTO DE 40.000 KM ;RENAULT - LOMAS;0045-00001972;4/7/2024;$ 423.724,99;;
AF333BT;199;16/5/2024;50.000;SERVICIO;SE LE REALIZO EL SERVICIO DE MANTENIMIENTO DE 50.000 KM ;RENAULT - LOMAS;0045-00001987;4/7/2024;$ 134.560,18;;
AF481PG;200;16/5/2024;60.000;SERVICIO;SE LE REALIZO EL SERVICIO DE MANTENIMIENTO DE 60.000 KM ;RENAULT - LOMAS;0045-00001954;11/6/2024;$ 535.979,99;;
AF270OW;201;16/5/2024;30.000;SERVICIO;SE LE REALIZO EL SERVICIO DE MANTENIMIENTO DE 30.000 KM ;RENAULT - LOMAS;0045-00001955;11/6/2024;$ 134.560,01;;
AF481OQ;202;15/5/2024;60.000;SERVICIO;SE LE REALIZO EL SERVICIO DE MANTENIMIENTO DE 60.000 KM ;RENAULT - LOMAS;0045-00001956;11/6/2024;$ 278.576,00;;
AF571RX;203;3/5/2024;80.000;SERVICIO;SE LE REALIZO REPARACION DEL PORTON TRASERO ;RENAULT - LOMAS;0019-00002580;4/7/2024;$ 350.000,00;;
AF333BW;204;25/4/2024;40.000;REPARACION;SE LE REALIZO EL SERVICIO DE MANTENIMIENTO DE 40.000 KM ;RENAULT - LOMAS;0045-00001917;11/6/2024;$ 247.700,00;;
AF305MA;205;17/4/2024;120.000;SERVICIO;SE LE REALIZO EL SERVICIO DE MANTENIMIENTO DE 120.000 KM ;RENAULT - LOMAS;0045-00001906;11/6/2024;$ 616.207,99;;
AF047UW;206;15/4/2024;120.000;SERVICIO;SE LE REALIZO EL SERVICIO DE MANTENIMIENTO DE 120.000 KM ;RENAULT - LOMAS;0045-00001907;11/6/2024;$ 616.207,99;;
AG196ZS;207;15/4/2024;40.000;SERVICIO;SE LE REALIZO EL SERVICIO DE MANTENIMIENTO DE 40.000 KM ;RENAULT - LOMAS;0045-00001897;11/6/2024;$ 419.208,00;;
AF757AS;208;12/4/2024;60.000;SERVICIO;SE LE REALIZO EL SERVICIO DE MANTENIMIENTO DE 60.000 KM ;RENAULT - LOMAS;0045-00001892;11/6/2024;$ 616.207,99;;
MNF900;209;10/4/2024;161.351;SERVICIO;SE LE REALIZO EL SERVICIO DE MANTENIMIENTO DE 161.351 KM ;JAVIER ACUÑA;;;;;
AF757AZ;210;11/4/2024;80.000;SERVICIO;SE LE REALIZO EL SERVICIO DE MANTENIMIENTO DE 80.000 KM ;RENAULT - LOMAS;0045-00001891;11/6/2024;$ 419.207,98;;
AG757AT;211;10/4/2024;40.000;SERVICIO;SE LE REALIZO EL SERVICIO DE MANTENIMIENTO DE 40.000 KM ;RENAULT - LOMAS;0045-00001893;11/6/2024;$ 419.207,98;;
AG012UV;212;10/4/2024;20.000;SERVICIO;SE LE REALIZO EL SERVICIO DE MANTENIMIENTO DE 20.000 KM ;RENAULT - LOMAS;0045-00001895;11/6/2024;$ 419.208,00;;
AG366YU;213;9/4/2024;20.000;SERVICIO;SE LE REALIZO EL SERVICIO DE MANTENIMIENTO DE 20.000 KM ;RENAULT - LOMAS;0045-00001905;11/6/2024;$ 419.207,98;;
AE937QP;214;8/4/2024;125.000;SERVICIO;SE LE REALIZO EL SERVICIO DE MANTENIMIENTO DE 125.000 KM ;JAVIER ACUÑA;;;;;
AF047UQ;215;4/4/2024;140.000;SERVICIO;SE LE REALIZO EL SERVICIO DE MANTENIMIENTO DE 140.000 KM ;RENAULT - LOMAS;0045-00001929;11/6/2024;$ 419.208,00;;
AF270OX;216;3/4/2024;40.000;SERVICIO;SE LE REALIZO EL SERVICIO DE MANTENIMIENTO DE 40.000 KM ;RENAULT - LOMAS;0045-00001873;11/6/2024;$ 247.772,00;;
AE937QV;217;27/3/2024;120.000;SERVICIO;SE LE REALIZO EL SERVICIO DE MANTENIMIENTO DE 120.000 KM ;RENAULT - LOMAS;0045- 00001869;11/6/2024;$ 589.308,01;;
AG196ZR;218;25/3/2024;60.000;SERVICIO;SE LE REALIZO EL SERVICIO DE MANTENIMIENTO DE 60.000 KM ;RENAULT - LOMAS;0045-00001868;11/6/2024;$ 589.308,01;;
AF421HL;219;15/3/2024;40.000;SERVICIO;SE LE REALIZO EL SERVICIO DE MANTENIMIENTO DE 40.000 KM ;RENAULT - LOMAS;0045-00001844;11/6/2024;$ 224.888,00;;
AG196ZP;220;15/3/2024;40.000;SERVICIO;SE LE REALIZO EL SERVICIO DE MANTENIMIENTO DE 40.000 KM ;RENAULT - LOMAS;0045-00001849;11/6/2024;$ 406.411,99;;
AF333BW;221;14/3/2024;30.000;SERVICIO;SE LE REALIZO EL SERVICIO DE MANTENIMIENTO DE 30.000 KM ;RENAULT - LOMAS;0045-00001845;11/6/2024;$ 117.600,00;;
AF333BV;222;11/3/2024;120.000;SERVICIO;SE LE REALIZO EL SERVICIO DE MANTENIMIENTO DE 120.000 KM ;RENAULT - LOMAS;0045-00001842;11/6/2024;$ 589.308,01;;
AG278OX;223;8/3/2024;20.000;SERVICIO;SE LE REALIZO EL SERVICIO DE MANTENIMIENTO DE 20.000 KM ;RENAULT - LOMAS;0045-00001843;11/6/2024;$ 399.880,00;;
AG126UE;224;7/3/2024;40.000;SERVICIO;SE LE REALIZO EL SERVICIO DE MANTENIMIENTO DE 40.000 KM ;RENAULT - LOMAS;0045-00001870;11/6/2024;$ 399.880,00;;
AF757AU;225;6/3/2024;80.000;SERVICIO;SE LE REALIZO EL SERVICIO DE MANTENIMIENTO DE 80.000 KM ;RENAULT - LOMAS;0045-00001830;11/6/2024;$ 399.880,01;;
AF857HF;226;4/3/2024;80.000;SERVICIO;SE LE REALIZO EL SERVICIO DE MANTENIMIENTO DE 80.000 KM ;RENAULT - LOMAS;0045-00001822;11/6/2024;$ 399.880,07;;
AG196ZQ;227;1/3/2024;40.000;SERVICIO;SE LE REALIZO EL SERVICIO DE MANTENIMIENTO DE 40.000 KM ;RENAULT - LOMAS;0045-00001821;11/6/2024;$ 399.879,99;;
AG278OZ;228;29/2/2024;20.000;SERVICIO;SE LE REALIZO EL SERVICIO DE MANTENIMIENTO DE 20.000 KM ;RENAULT - LOMAS;0045-00001820;11/6/2024;$ 399.880,00;;
AG059DH;229;28/2/2024;60.000;SERVICIO;SE LE REALIZO EL SERVICIO DE MANTENIMIENTO DE 60.000 KM ;RENAULT - LOMAS;0045-00001817;11/6/2024;$ 509.579,99;;
AG126UB;230;27/2/2024;60.000;SERVICIO;SE LE REALIZO EL SERVICIO DE MANTENIMIENTO DE 60.000 KM ;RENAULT - LOMAS;0045-00001815;11/6/2024;$ 509.580,09;;
AF086CU;231;19/2/2024;120.000;SERVICIO;SE LE REALIZO EL SERVICIO DE MANTENIMIENTO DE 120.000 KM ;RENAULT - LOMAS;0045-00001755;11/6/2024;$ 426.512,00;;
AF571RW;232;19/2/2024;120.000;SERVICIO;SE LE REALIZO EL SERVICIO DE MANTENIMIENTO DE 120.000 KM ;RENAULT - LOMAS;0045-00001807;11/6/2024;$ 509.580,00;;
AF047UR;233;15/2/2024;100.000;SERVICIO;SE LE REALIZO EL SERVICIO DE MANTENIMIENTO DE 100.000 KM ;RENAULT - LOMAS;0045-00001798;11/6/2024;$ 343.876,00;;
AG278OY;234;9/2/2024;20.000;SERVICIO;SE LE REALIZO EL SERVICIO DE MANTENIMIENTO DE 20.000 KM ;RENAULT - LOMAS;0045- 00001793;11/6/2024;$ 343.876,01;;
AF481PH;235;8/2/2024;100.000;SERVICIO;SE LE REALIZO EL SERVICIO DE MANTENIMIENTO DE 100.000 KM ;RENAULT - LOMAS;0045-00001788;11/6/2024;$ 343.876,01;;
AF270OW;236;7/2/2024;20.000;SERVICIO;SE LE REALIZO EL SERVICIO DE MANTENIMIENTO DE 20.000 KM ;RENAULT - LOMAS;0045-00001781;11/6/2024;$ 108.400,00;;
AG059DG;237;5/2/2024;40.000;SERVICIO;SE LE REALIZO EL SERVICIO DE MANTENIMIENTO DE 40.000 KM ;RENAULT - LOMAS;0045-00002022;4/7/2024;$ 347.183,98;;
AF333BT;238;30/1/2024;40.000;SERVICIO;SE LE REALIZO EL SERVICIO DE MANTENIMIENTO DE 40.000 KM ;RENAULT - LOMAS;0045-00001771;11/6/2024;$ 203.820,00;;
AE667QV;239;29/1/2024;100.000;SERVICIO;SE LE REALIZO EL SERVICIO DE MANTENIMIENTO DE 100.000 KM ;RENAULT - LOMAS;0045-00001773;11/6/2024;$ 334.820,59;;
AG059DJ;240;29/1/2024;60.000;SERVICIO;SE LE REALIZO EL SERVICIO DE MANTENIMIENTO DE 60.000 KM ;RENAULT - LOMAS;0045-00001774;11/6/2024;$ 509.580,00;;
AF481OQ;241;25/1/2024;50.000;SERVICIO;SE LE REALIZO EL SERVICIO DE MANTENIMIENTO DE 50.000 KM ;RENAULT - LOMAS;0045-00001759;11/6/2024;$ 91.360,08;;
AF174KK;242;24/1/2024;120.000;SERVICIO;SE LE REALIZO EL SERVICIO DE MANTENIMIENTO DE 120.000 KM ;RENAULT - LOMAS;0045-00001754;11/6/2024;$ 426.512,00;;
AF086CU;243;24/1/2024;120.000;SERVICIO;SE LE REALIZO EL SERVICIO DE MANTENIMIENTO DE 120.000 KM ;RENAULT - LOMAS;0045-00001755;11/6/2024;$ 426.512,00;;
AG196ZS;244;19/1/2024;20.000;SERVICIO;SE LE REALIZO EL SERVICIO DE MANTENIMIENTO DE 20.000 KM ;RENAULT - LOMAS;0045-00001742;11/6/2024;$ 280.530,76;;
AF047UX;245;17/1/2024;80.000;SERVICIO;SE LE REALIZO EL SERVICIO DE MANTENIMIENTO DE 80.000 KM ;RENAULT - LOMAS;0045-00001756;11/6/2024;$ 287.376,02;;
AE870CQ;246;16/1/2024;60.000;SERVICIO;SE LE REALIZO EL SERVICIO DE MANTENIMIENTO DE 60.000 KM ;RENAULT - LOMAS;0045-00001733;11/6/2024;$ 446.080,00;;
AG196ZR;247;16/1/2024;40.000;SERVICIO;SE LE REALIZO EL SERVICIO DE MANTENIMIENTO DE 40.000 KM ;RENAULT - LOMAS;0045-00001732;11/6/2024;$ 287.375,99;;
AA909VN;248;12/1/2024;100.000;SERVICIO;SE LE REALIZO EL SERVICIO DE MANTENIMIENTO DE 100.000 KM ;RENAULT - LOMAS;0019-00002543;11/6/2024;$ 100.000,01;;
AF608ZD;249;11/1/2024;80.000;SERVICIO;SE LE REALIZO EL SERVICIO DE MANTENIMIENTO DE 80.000 KM ;RENAULT - LOMAS;0045-00001726;11/6/2024;$ 287.376,02;;
AF333BS;250;9/1/2024;80.000;SERVICIO;SE LE REALIZO EL SERVICIO DE MANTENIMIENTO DE 80.000 KM ;RENAULT - LOMAS;0045-00001719;11/6/2024;$ 287.376,00;;
AF237KR;251;8/1/2024;20.000;SERVICIO;SE LE REALIZO EL SERVICIO DE MANTENIMIENTO DE 20.000 KM ;RENAULT - LOMAS;0045-00001714;11/6/2024;$ 91.360,38;;
AF215FO;252;8/1/2024;100.000;SERVICIO;SE LE REALIZO EL SERVICIO DE MANTENIMIENTO DE 100.000 KM ;RENAULT - LOMAS;0045-00002023;4/7/2024;$ 347.175,02;;
AE937QV;253;22/12/2023;100.000;SERVICIO;SE LE REALIZO EL SERVICIO DE MANTENIMIENTO DE 100.000 KM ;RENAULT - LOMAS;0045-00001684;20/5/2024;$ 218.968,01;;
AF333BT;254;22/12/2023;30.000;SERVICIO;SE LE REALIZO EL SERVICIO DE MANTENIMIENTO DE 30.000 KM ;RENAULT - LOMAS;0045-00001705;11/6/2024;$ 75.520,01;;
AF421HY;255;22/12/2023;100.000;SERVICIO;SE LE REALIZO EL SERVICIO DE MANTENIMIENTO DE 100.000 KM ;RENAULT - LOMAS;0045-00001689;20/5/2024;$ 218.968,06;;
AF333BW;256;20/12/2023;20.000;SERVICIO;SE LE REALIZO EL SERVICIO DE MANTENIMIENTO DE 20.000 KM ;RENAULT - LOMAS;0045-00001683;20/5/2024;$ 75.672,01;;
AF757AZ;257;18/12/2023;60.000;SERVICIO;SE LE REALIZO EL SERVICIO DE MANTENIMIENTO DE 60.000 KM ;RENAULT - LOMAS;0045-00001682;20/5/2024;$ 330.403,93;;
AF305MB;258;18/12/2023;120.000;SERVICIO;SE LE REALIZO EL SERVICIO DE MANTENIMIENTO DE 120.000 KM ;RENAULT - LOMAS;0045-00001681;20/5/2024;$ 330.404,02;;
AF047UQ;259;15/12/2023;120.000;SERVICIO;SE LE REALIZO EL SERVICIO DE MANTENIMIENTO DE 120.000 KM ;RENAULT - LOMAS;0045-00001679;20/5/2024;$ 330.404,00;;
AG126UC;260;15/12/2023;60.000;SERVICIO;SE LE REALIZO EL SERVICIO DE MANTENIMIENTO DE 60.000 KM ;RENAULT - LOMAS;0045-00001680;20/5/2024;$ 330.404,00;;
AG196ZQ;261;13/12/2023;20.000;SERVICIO;SE LE REALIZO EL SERVICIO DE MANTENIMIENTO DE 20.000 KM ;RENAULT - LOMAS;0045-00001677;20/5/2024;$ 218.968,00;;
AG196ZP;262;13/12/2023;20.000;SERVICIO;SE LE REALIZO EL SERVICIO DE MANTENIMIENTO DE 20.000 KM ;RENAULT - LOMAS;0045-00001676;20/5/2024;$ 218.968,00;;
AF047UR;263;11/12/2023;80.000;SERVICIO;SE LE REALIZO EL SERVICIO DE MANTENIMIENTO DE 80.000 KM ;RENAULT - LOMAS;0045-00001674;20/5/2024;$ 207.467,96;;
AF333BU;264;11/12/2023;120.000;SERVICIO;SE LE REALIZO EL SERVICIO DE MANTENIMIENTO DE 120.000 KM ;RENAULT - LOMAS;0045-00001673;20/5/2024;$ 264.323,94;;
AG059DH;265;6/12/2023;40.000;SERVICIO;SE LE REALIZO EL SERVICIO DE MANTENIMIENTO DE 40.000 KM ;RENAULT - LOMAS;0045-00001648;20/5/2024;$ 175.172,00;;
AG059DJ;266;6/12/2023;40.000;SERVICIO;SE LE REALIZO EL SERVICIO DE MANTENIMIENTO DE 40.000 KM ;RENAULT - LOMAS;0045-00001649;20/5/2024;$ 175.172,00;;
AF857HF;267;4/12/2023;60.000;SERVICIO;SE LE REALIZO EL SERVICIO DE MANTENIMIENTO DE 60.000 KM ;RENAULT - LOMAS;0045-00001638;20/5/2024;$ 264.323,99;;
AF481PG;268;4/12/2023;40.000;SERVICIO;SE LE REALIZO EL SERVICIO DE MANTENIMIENTO DE 40.000 KM ;RENAULT - LOMAS;0045-00001639;20/5/2024;$ 175.012,00;;
AF571RW;269;29/11/2023;100.000;SERVICIO;SE LE REALIZO EL SERVICIO DE MANTENIMIENTO DE 100.000 KM ;RENAULT - LOMAS;0045-00001628;5/4/2024;$ 162.236,00;;
AF333BV;270;29/11/2023;100.000;SERVICIO;SE LE REALIZO EL SERVICIO DE MANTENIMIENTO DE 100.000 KM ;RENAULT - LOMAS;0045-00001619;5/4/2024;$ 162.236,00;;
AG196ZR;271;27/11/2023;20.000;SERVICIO;SE LE REALIZO EL SERVICIO DE MANTENIMIENTO DE 20.000 KM ;RENAULT - LOMAS;0045-00001627;5/4/2024;$ 162.236,00;;
AF047UW;272;21/11/2023;100.000;SERVICIO;SE LE REALIZO EL SERVICIO DE MANTENIMIENTO DE 100.000 KM ;RENAULT - LOMAS;0045-00001607;5/4/2024;$ 162.236,00;;
AA909VM;273;17/11/2023;87.982;SERVICIO;SE LE REALIZO EL SERVICIO DE MANTENIMIENTO DE 80.000 KM ;JAVIER ACUÑA;;;;;
AF571RX;274;17/11/2023;80.000;SERVIVIO;SE LE REALIZO EL SERVICIO DE MANTENIMIENTO DE 80.000 KM ;RENAULT - LOMAS;0017-00002187;5/4/2024;$ 162.235,98;;
AG126UB;275;16/11/2023;40.000;SERVICIO;SE LE REALIZO EL SERVICIO DE MANTENIMIENTO DE 40.000 KM ;RENAULT - LOMAS;0045-00001606;5/4/2024;$ 162.236,01;;
AG126UE;276;15/11/2023;20.000;SERVICIO;SE LE REALIZO EL SERVICIO DE MANTENIMIENTO DE 20.000 KM ;RENAULT - LOMAS;0045-00001605;5/4/2024;$ 162.236,01;;
AG059DG;277;8/11/2023;20.000;SERVICIO;SE LE REALIZO EL SERVICIO DE MANTENIMIENTO DE 20.000 KM ;RENAULT - LOMAS;0045-00001604;5/4/2024;$ 162.232,01;;
AF421HL;278;6/11/2023;30.000;SERVICIO;SE LE REALIZO EL SERVICIO DE MANTENIMIENTO DE 30.000 KM ;RENAULT - LOMAS;0045-00001863;11/6/2024;$ 55.920,00;;
AF047UX;279;31/10/2023;60.000;SERVICIO;SE LE REALIZO EL SERVICIO DE MANTENIMIENTO DE 60.000 KM ;RENAULT - LOMAS;0045-00001557;18/1/2024;$ 191.707,91;;
AF757AU;280;27/10/2023;60.000;SERVICIO;SE LE REALIZO EL SERVICIO DE MANTENIMIENTO DE 60.000 KM ;RENAULT - LOMAS;0045-00001520;5/4/2024;$ 196.000,00;;
AG126UC;281;25/10/2023;40.000;SERVICIO;SE LE REALIZO EL SERVICIO DE MANTENIMIENTO DE 40.000 KM ;RENAULT - LOMAS;0045-00001516;5/4/2024;$ 129.600,00;;
AF421HY;282;23/10/2023;80.000;SERVICIO;SE LE REALIZO EL SERVICIO DE MANTENIMIENTO DE 80.000 KM ;RENAULT - LOMAS;0045-00001521;25/1/2024;$ 129.600,00;;
AF481OQ;283;20/10/2023;40.000;SERVICIO;SE LE REALIZO EL SERVICIO DE MANTENIMIENTO DE 40.000 KM ;RENAULT - LOMAS;0045-00001539;18/1/2024;$ 89.840,00;;
AF215FO;284;20/10/2023;80.000;SERVICIO;SE LE REALIZO EL SERVICIO DE MANTENIMIENTO DE 80.000 KM ;RENAULT - LOMAS;0045-00001538;18/1/2024;$ 129.600,03;;
AE626OT;285;18/10/2023;100.000;SERVICIO;SE LE REALIZO EL SERVICIO DE MANTENIMIENTO DE 100.000 KM ;RENAULT - LOMAS;0045-00001537;18/1/2024;$ 129.600,03;;
AF608ZC;286;12/10/2023;7.000;SERVICIO;SE LE REALIZO EL SERVICIO DE MANTENIMIENTO DE 10.000 KM ;RENAULT - LOMAS;0045-00001536;18/1/2024;$ 50.000,00;;
AF481OU;287;12/10/2023;10.000;SERVICIO;SE LE REALIZO EL SERVICIO DE MANTENIMIENTO DE 10.000 KM ;RENAULT - LOMAS;0045-00001535;18/1/2024;$ 50.000,00;;
AF237KT;288;11/10/2023;20.000;SERVICIO;SE LE REALIZO EL SERVICIO DE MANTENIMIENTO DE 20.000 KM ;RENAULT - LOMAS;0045-00001534;18/1/2024;$ 50.000,00;;
AF174KK;289;10/10/2023;100.000;SERVICIO;SE LE REALIZO EL SERVICIO DE MANTENIMIENTO DE 100.000 KM ;RENAULT - LOMAS;0045-00001533;18/1/2024;$ 129.600,00;;
AG059DH;290;9/10/2023;20.000;SERVICIO;SE LE REALIZO EL SERVICIO DE MANTENIMIENTO DE 20.000 KM ;RENAULT - LOMAS;0045-00001447;18/1/2024;$ 129.600,01;;
AG059DJ;291;6/10/2023;20.000;SERVICIO;SE LE REALIZO EL SERVICIO DE MANTENIMIENTO DE 20.000 KM ;RENAULT - LOMAS;0045-00001446;18/1/2024;$ 129.599,99;;
AF305MA;292;5/10/2023;100.000;SERVICIO;SE LE REALIZO EL SERVICIO DE MANTENIMIENTO DE 100.000 KM ;RENAULT - LOMAS;0045-00001532;18/1/2024;$ 129.600,00;;
AF047UR;293;4/10/2023;60.000;SERVICIO;SE LE REALIZO EL SERVICIO DE MANTENIMIENTO DE 60.000 KM ;RENAULT - LOMAS;0045-00001433;18/1/2024;$ 196.020,00;;
AF086CU;294;3/10/2023;100.000;SERVICIO;SE LE REALIZO EL SERVICIO DE MANTENIMIENTO DE 100.000 KM ;RENAULT - LOMAS;0045-00001445;18/1/2024;$ 129.600,01;;
AF452DA;295;2/10/2023;20.000;SERVICIO;SE LE REALIZO EL SERVICIO DE MANTENIMIENTO DE 20.000 KM ;RENAULT - LOMAS;0045-00001411;;;;
AF481PB;296;29/9/2023;80.000;SERVICIO;SE LE REALIZO EL SERVICIO DE MANTENIMIENTO DE 80.000 KM ;RENAULT - LOMAS;0017-00001957;12/1/2024;$ 125.164,00;;
AF757AS;297;29/9/2023;40.000;SERVICIO;SE LE REALIZO EL SERVICIO DE MANTENIMIENTO DE 40.000 KM ;RENAULT - LOMAS;0017-00001958;12/1/2024;$ 125.164,00;;
AE870CP;298;28/9/2023;61.155;SERVICIO;SE LE REALIZO EL SERVICIO DE MANTENIMIENTO DE 60.000 KM ;JAVIER ACUÑA;;;;;
AD503HV;299;27/9/2023;120.157;SERVICIO;SE LE REALIZO EL SERVICIO DE MANTENIMIENTO DE 120.000 KM ;JAVIER ACUÑA;;;;;
AF757AW;300;27/9/2023;20.000;SERVICIO;SE LE REALIZO EL SERVICIO DE MANTENIMIENTO DE 20.000 KM ;RENAULT - LOMAS;0045-00001413;18/1/2024;$ 125.155,99;;
AF333BW;301;27/9/2023;10.000;SERVICIO;SE LE REALIZO EL SERVICIO DE MANTENIMIENTO DE 10.000 KM ;RENAULT - LOMAS;0045-00001426;18/1/2024;$ 46.560,00;;
AG126UB;302;26/9/2023;20.000;SERVICIO;SE LE REALIZO EL SERVICIO DE MANTENIMIENTO DE 20.000 KM ;RENAULT - LOMAS;0045-00001423;18/1/2024;$ 125.164,07;;
AE626OU;303;26/9/2023;100.000;SERVICIO;SE LE REALIZO EL SERVICIO DE MANTENIMIENTO DE 100.000 KM ;RENAULT - LOMAS;0045-00001424;18/1/2024;$ 125.164,03;;
AF047UQ;304;25/9/2023;100.000;SERVICIO;SE LE REALIZO EL SERVICIO DE MANTENIMIENTO DE 100.000 KM ;RENAULT - LOMAS;0017-00001959;12/1/2024;$ 125.164,01;;
AF305MB;305;22/9/2023;100.000;SERVICIO;SE LE REALIZO EL SERVICIO DE MANTENIMIENTO DE 100.000 KM ;RENAULT - LOMAS;0045-00001420;18/1/2024;$ 125.164,01;;
AE937QO;306;21/9/2023;50.000;SERVICIO;SE LE REALIZO EL SERVICIO DE MANTENIMIENTO DE 50.000 KM ;JAVIER ACUÑA;;;;;
AF571RW;307;21/9/2023;80.000;SERVICIO;SE LE REALIZO EL SERVICIO DE MANTENIMIENTO DE 80.000 KM ;RENAULT - LOMAS;0045-00001419;18/1/2024;$ 125.164,00;;
AF270OW;308;20/9/2023;10.000;SERVICIO;SE LE REALIZO EL SERVICIO DE MANTENIMIENTO DE 10.000 KM ;RENAULT - LOMAS;0045-00001418;18/1/2024;$ 46.560,03;;
AF757AT;309;20/9/2023;20.000;SERVICIO;SE LE REALIZO EL SERVICIO DE MANTENIMIENTO DE 20.000 KM ;RENAULT - LOMAS;0045-00001395;12/1/2024;$ 125.164,01;;
AC515JI;310;19/9/2023;160.434;SERVICIO;SE LE REALIZO EL SERVICIO DE MANTENIMIENTO DE 160.434 KM ;JAVIER ACUÑA;;;;;
AC515JH;311;19/9/2023;110.118;SERVICIO;SE LE REALIZO EL SERVICIO DE MANTENIMIENTO DE 110.118 KM ;JAVIER ACUÑA;;;;;
AE580VI;312;19/9/2023;50.000;SERVICIO;SE LE REALIZO EL SERVICIO DE MANTENIMIENTO DE 50.000 KM ;RENAULT - LOMAS;0045-00001414;18/1/2024;$ 37.040,00;;
AE937QP;313;18/9/2023;77.000;SERVICIO;SE LE REALIZO EL SERVICIO DE MANTENIMIENTO DE 76.000 KM ;JAVIER ACUÑA;;;;;
AE937QV;314;15/9/2023;80.000;SERVICIO;SE LE REALIZO EL SERVICIO DE MANTENIMIENTO DE 80.000 KM ;RENAULT - LOMAS;0045-00001417;25/1/2024;$ 125.164,00;;
AB027KF;315;14/9/2023;153.097;SERVICIO;SE LE REALIZO EL SERVICIO DE MANTENIMIENTO DE 150.000 KM ;JAVIER ACUÑA;;;;;
AF481OR;316;14/9/2023;20.000;SERVICIO;SE LE REALIZO EL SERVICIO DE MANTENIMIENTO DE 20.000 KM ;RENAULT - LOMAS;0045-00001861;11/6/2024;$ 46.560,00;;
AG126UC;317;13/9/2023;20.000;SERVICIO;SE LE REALIZO EL SERVICIO DE MANTENIMIENTO DE 20.000 KM ;RENAULT - LOMAS;0045-00001860;11/6/2024;$ 125.164,00;;
AF857HF;318;9/9/2023;40.000;SERVICIO;SE LE REALIZO EL SERVICIO DE MANTENIMIENTO DE 40.000 KM ;RENAULT - LOMAS;0045-00001859;11/6/2024;$ 125.164,00;;
AF333BU;319;6/9/2023;100.000;SERVICIO;SE LE REALIZO EL SERVICIO DE MANTENIMIENTO DE 100.000 KM ;RENAULT - LOMAS;0045-00001858;11/6/2024;$ 125.164,00;;
AF333BS;320;5/9/2023;60.000;SERVICIO;SE LE REALIZO EL SERVICIO DE MANTENIMIENTO DE 60.000 KM ;RENAULT - LOMAS;0045-00001444;18/1/2024;$ 186.284,03;;
AF757AZ;321;4/9/2023;40.000;SERVICIO;SE LE REALIZO EL SERVICIO DE MANTENIMIENTO DE 40.000 KM ;RENAULT - LOMAS;0045-00001366;12/1/2024;$ 125.164,00;;
AF333BT;322;1/9/2023;20.000;SERVICIO;SE LE REALIZO EL SERVICIO DE MANTENIMIENTO DE 20.000 KM ;RENAULT - LOMAS;0045-00001360;30/11/2023;$ 38.426,46;;
AF608ZD;323;30/8/2023;60.000;SERVICIO;SE LE REALIZO EL SERVICIO DE MANTENIMIENTO DE 60.000 KM ;RENAULT - LOMAS;0045-00001344;30/10/2023;$ 147.570,25;;
AF571RX;324;29/8/2023;60.000;SERVICIO;SE LE REALIZO EL SERVICIO DE MANTENIMIENTO DE 60.000 KM ;RENAULT - LOMAS;0045-00001343;30/10/2023;$ 147.570,25;;
AF047UX;325;29/9/2023;51.781;SERVICIO;REPARACION SINIESTRO 713817;RENAULT - LOMAS;0019-00002458;30/10/2023;$ 100.000,00;;
AF047UX;326;29/8/2023;51.781;SERVICIO;REPARACION SINIESTRO N705005;RENAULT - LOMAS;0019-00002457;30/10/2023;$ 100.000,00;;
AF138CR;327;24/8/2023;100.000;SERVICIO;SE LE REALIZO EL SERVICIO DE MANTENIMIENTO DE 100.000 KM ;RENAULT - LOMAS;0045-00001356;30/11/2023;$ 100.598,36;;
LZG231;328;24/8/2023;121.321;SERVICIO;SE LE REALIZO EL SERVICIO DE MANTENIMIENTO DE GARANTIA;RENAULT - LOMAS;0045-00001332;30/10/2023;$ 42.876,00;;
AF174KK;329;23/8/2023;80.000;SERVICIO;SE LE REALIZO EL SERVICIO DE MANTENIMIENTO DE 80.000 KM ;RENAULT - LOMAS;0045-00001354;30/11/2023;$ 100.598,36;;
AF421HY;330;22/8/2023;60.000;SERVICIO;SE LE REALIZO EL SERVICIO DE MANTENIMIENTO DE 60.000 KM ;RENAULT - LOMAS;0045-00001352;30/11/2023;$ 147.570,25;;
AF481PH;331;18/8/2023;80.000;SERVICIO;SE LE REALIZO EL SERVICIO DE MANTENIMIENTO DE 80.000 KM ;RENAULT - LOMAS;0045-00001351;30/11/2023;$ 100.598,34;;
AF333BV;332;15/8/2023;80.000;SERVICIO;SE LE REALIZO EL SERVICIO DE MANTENIMIENTO DE 80.000 KM ;RENAULT - LOMAS;0045-00001306;13/10/2023;$ 100.598,34;;
AF047UW;333;9/8/2023;80.000;SERVICIO;SE LE REALIZO EL SERVICIO DE MANTENIMIENTO DE 80.000 KM ;RENAULT - LOMAS;0045-00001294;13/10/2023;$ 117.064,00;;
AE937QN;334;7/8/2023;60.391;SERVICIO;SE LE REALIZO EL SERVICIO DE MANTENIMIENTO DE 60.000 KM ;JAVIER ACUÑA;;;;;
AF215FN;335;7/8/2023;80.000;SERVICIO;SE LE REALIZO EL SERVICIO DE MANTENIMIENTO DE 80.000 KM ;RENAULT - LOMAS;0045-00001333;30/10/2023;$ 96.747,11;;
AE937QP;336;3/8/2023;60.000;SERVICIO;SE LE REALIZO EL SERVICIO DE MANTENIMIENTO DE  66.902 KM;JAVIER ACUÑA;;;;;
AF215FO;337;3/8/2023;58.500;SERVICIO;SE LE REALIZO EL SERVICIO DE MANTENIMIENTO DE 60.000 KM ;RENAULT - LOMAS;0045-00001292;13/10/2023;$ 141.795,05;;
AF757AU;338;31/7/2023;41.229;SERVICIO;SE LE REALIZO EL SERVICIO DE MANTENIMIENTO DE 40.000 KM;RENAULT - LOMAS;0045-00001268;13/10/2023;$ 85.414,87;;
AB027KG;339;27/7/2023;141.095;SERVICIO;Se le realizo cambio de filtro y Aceite a los 141.095 Km;JAVIER ACUÑA;;;;;
AA909VM;340;24/7/2023;75.545;SERVICIO;Se le realizo cambio de filtro y Aceite a los 75.545. Km;JAVIER ACUÑA;;;;;
NHK226;341;24/7/2023;226.795;SERVICIO;Se le realizó cambio de filtros y Aceite a los KM 226.795.;JAVIER ACUÑA;;;;;
NXI181;342;22/7/2023;192.562;SERVICIO;Se le realizó cambio de filtros y Aceite a los KM 192.562;JAVIER ACUÑA;;;;;
AF270OX;343;21/7/2023;29.293;SERVICIO;SE LE REALIZO EL SERVICIO DE MANTENIMIENTO DE 30,000KM;RENAULT - LOMAS;0045-00001250;6/10/2023;$ 36.707,99;;
AE870CQ;344;20/7/2023;51.094;SERVICIO;SE LE REALIZO EL SERVICIO DE MANTENIMIENTO DE 50,000KM;RENAULT - LOMAS;0045-00001242;6/10/2023;$ 37.476,00;;
AE626OT;345;17/7/2023;93.675;SERVICIO;SE REALIZO REEMPLAZO DE KIT DE EMBRAGUE + RECTIFICACION DE VOLANTE + REEMPLAZO DE BOMBIN DE EMBRAGUE + GRASA DE CAJA;RENAULT - LOMAS;0045-00001230;6/10/2023;$ 315.000,00;;
AF571RW;346;17/7/2023;;SERVICIO;SE REPARO EL TERMOSTATO DE TEMPERATURA;RENAULT - LOMAS;;;;;
AE694IC;347;14/7/2023;;REPARACION;POR GARANTIA Y A PEDIDO DE LA RENAULT;RENAULT - LOMAS;;;;;
AE667QX;348;14/7/2023;;REVISION GARANTIA;POR GARANTIA Y A PEDIDO DE LA RENAULT;RENAULT - LOMAS;;;;;
AE870CP;349;4/7/2023;50.649;REVISION GARANTIA;SE REALIZO SERVICIO DE MANTENIMIENTO DE 30.000 KM. ;RENAULT - LOMAS;045-00001199;6/10/2023;$ 37.476,00;;
AF215FN;350;3/7/2023;;SERVICIO;POR GARANTIA Y A PEDIDO DE LA RENAULT;RENAULT - LOMAS;;;;;
AF215FO;351;4/7/2023;;CAMBIO DE TUBERIA DE FRENADO;POR GARANTIA Y A PEDIDO DE LA RENAULT;RENAULT - LOMAS;;;;;
AF138CR;352;5/7/2023;;CAMBIO DE TUBERIA DE FRENADO;POR GARANTIA Y A PEDIDO DE LA RENAULT;RENAULT - LOMAS;;;;;
AF047UQ;353;6/7/2023;;CAMBIO DE TUBERIA DE FRENADO;POR GARANTIA Y A PEDIDO DE LA RENAULT;RENAULT - LOMAS;;;;;
AA234CH;354;30/6/2023;138.056;CAMBIO DE TUBERIA DE FRENADO;FILTRO DE ACEITE, FILTRO DE AIRE, FILTRO DE HABITACULO + CONTROL GENERAL DE 25 PUNTOS + DIAGNOSTICO POR;AILES S.A;0001-1548;30/6/2023;$ 141.563,47;Pago con TDC BBVA;
AF481OQ;355;29/6/2023;29.774;MANO DE OBRA / CAJA MARIPOSA MOTORIZADA;SE REALIZO SERVICIO DE MANTENIMIENTO DE 30.000 KM.;RENAULT - LOMAS;0045-00001182;19/9/2023;$ 37.811,75;;
AF481PB;356;26/6/2023;60.000;SERVICIO;SE REALIZO SERVICIO DE MANTENIMIENTO DE 60,000KM;RENAULT - LOMAS;045-00001174;19/9/2023;$ 135.856,02;;
AF481PG;357;23/6/2023;21.536;SERVICIO;SE REALIZO SERVICIO DE MANTENIMIENTO DE 20,000 KM. ;RENAULT - LOMAS;0045-00001160;19/9/2023;$ 92.108,00;;
AF571RW;358;21/6/2023;;SERVICIO;REPARACION DE TERMOSTATO DE TEMPERATURA;RENAULT - LOMAS;;;;;
AE626OT;359;21/6/2023;;REPARACION;REPARACION DE EMBRAGUE;RENAULT - LOMAS;;;;;
AF857HF;360;22/6/2023;20.386;REPARACION;SE REALIZO SERVICIO DE MANTENIMIENTO DE 20,000KM.;RENAULT - LOMAS;0045-00001144;19/9/2023;$ 92.108,01;;
AF608ZD;361;23/6/2023;;SERVICIO;POR GARANTIA Y A PEDIDO DE LA RENAULT;RENAULT - LOMAS;;;$ 92.108,00;;
AF333BT;362;23/6/2023;10.136;CAMBIO DE TUBERIA DE FRENADO;SE REALIZO SERVICIO DE MANTENIMIENTO DE 10,000KM. ;RENAULT - LOMAS;045-00001156;19/9/2023;$ 37.760,00;;
AF421HY;363;22/6/2023;;SERVICIO;POR GARANTIA Y A PEDIDO DE LA RENAULT;RENAULT - LOMAS;;;;;
AF333BS;364;21/6/2023;;CAMBIO DE TUBERIA DE FRENADO;POR GARANTIA Y A PEDIDO DE LA RENAULT;RENAULT - LOMAS;;;;;
AF333BU;365;14/6/2023;80.000;CAMBIO DE TUBERIA DE FRENADO;SE REALIZO SERVICIO DE MANTENIMIENTO DE 80,000KM. ;RENAULT - LOMAS;0045-00001130;19/9/2023;$ 92.108,00;;
AF421HY;366;8/6/2023;40.096;SERVICIO;SE REALIZO SERVICIO DE MANTENIMIENTO DE 40.096KM.;RENAULT - LOMAS;0045-00001122;19/9/2023;$ 92.108,00;;
AF421PH;367;8/6/2023;60.024;SERVICIO;SE REALIZO SERVICIO DE MANTENIMIENTO DE 60.000KM. ;RENAULT - LOMAS;0045-00001121;19/9/2023;$ 135.856,00;;
AF757AS;368;6/6/2023;21.000;SERVICIO;SE REALIZO SERVICIO DE MANTENIMIENTO DE 20.000KM.;RENAULT - LOMAS;0045-00001120;19/9/2023;$ 92.108,00;;
AF421HL;369;5/6/2023;20.000;SERVICIO;SE REALIZO SERVICIO DE MANTENIMIENTO DE 20.000 KM.;RENAULT - LOMAS;0045-00001119;19/9/2023;$ 37.760,00;;
AF237KR;370;9/6/2023;11.606;SERVICIO ;A) SINIESTRO NUMERO 710037;RENAULT - LOMAS;0019-00002389;5/7/2023;$ 30.000,00;;
AF421HL;371;9/6/2023;20.001;REPARACION DE CHAPA Y SINIESTRO;;RENAULT - LOMAS;0019-00002388;5/7/2023;$ 50.000,00;;
AF571RW;372;1/6/2023;60.794;REPARACION DE CHAPA Y SINIESTRO;SE REALIZO SERVICIO DE MANTENIMIENTO DE 60.000 KM. ;RENAULT - LOMAS;0045-00001125;19/9/2023;$ 135.856,08;;
AF047UR;373;31/5/2023;;SERVICIO;REPARACION DEL ALTERNADOR POR GARANTIA;RENAULT - LOMAS;;;;;
AF608ZD;374;31/5/2023;40.955;REP.ALTERNADOR;SE REALIZO SERVICIO DE MANTENIMIENTO DE 40.000 KM. ;RENAULT - LOMAS;0045-00001101;19/9/2023;$ 86.372,03;;
AF757AZ;375;30/5/2023;20.551;SERVICIO;SE REALIZO SERVICIO DE MANTENIMIENTO DE 20.000 KM. ;RENAULT - LOMAS;0045-00001100;19/9/2023;$ 86.372,03;;
AF237KR;376;24/5/2023;11.605;SERVICIO;A) SINIESTRO NUMERO 710037;RENAULT - LOMAS;0019-00002379;5/7/2023;$ 60.000,02;;
AF047UQ;377;22/5/2023;79.526;SERVICIO;SE REALIZO SERVICIO DE MANTENIMIENTO DE 40.000 KM. ;RENAULT - LOMAS;0045-00001083;14/6/2023;$ 106.800,00;;
AF047UE;378;23/5/2023;80.112;SERVICIO; SE REALIZO SERVICIO DE MANTENIMIENTO DE 80.000 KM.   ;RENAULT - LOMAS;0045-00001087;14/6/2023;$ 106.800,01;;
AF571RX;379;15/3/2023;40.517;SERVICIO;A) SE REALIZO SERVICIO DE MANTENIMIENTO DE 40.000KM. GARANTIA OFICIAL RENAULT POR UN AÑO. SE REEMPLAZO ACEITE, FILTRO DE ACEITE, FILTRO DE AIRE, FILTRO DE AIRE, FILTRO DE HABITACULO + CONTROL GENERAL. B) SE REALIZO PEDIDO EN GARANTIA 1501440022 DE CAJA TERMOSTATICA;RENAULT - LOMAS;0045-00001069;14/6/2023;$ 88.968,00;;
AF481OR;380;18/5/2023;10461;SERVICIO;A) SE REALIZO SERVICIO DE MANTENIMIENTO DE 10.000KM. GARANTIA OFICIAL RENAULT POR UN AÑO. SE REEMPLAZO ACEITE, FILTRO DE ACEITE, FILTRO DE AIRE, FILTRO DE AIRE, FILTRO DE HABITACULO + CONTROL GENERAL.;RENAULT - LOMAS;0045-00001074;14/6/2023;$ 36.952,01;;
AF047UW;381;8/5/2023;60491;SERVICIO;A) SE REALIZO SERVICIO DE MANTENIMIENTO DE 60.000KM. GARANTIA OFICIAL RENAULT POR UN AÑO. SE REEMPLAZO ACEITE, FILTRO DE ACEITE, FILTRO DE AIRE, FILTRO DE AIRE, FILTRO DE COMBUSTIBLE, FILTRO DE HABITACULO + KIT DE ACCESORIOS + CONTROL GENERAL DE 25 PUNTOS + DIAGNOSTICO POR ESCANER;RENAULT - LOMAS;0045-00001057;14/6/2023;$ 127.504,00;;
AF333BV;382;5/5/2023;60000;SERVICIO;A) SE REALIZO SERVICIO DE MANTENIMIENTO DE 60.000KM. GARANTIA OFICIAL RENAULT POR UN AÑO. SE REEMPLAZO ACEITE, FILTRO DE ACEITE, FILTRO DE AIRE, FILTRO DE AIRE, FILTRO DE HABITACULO + CONTROL GENERAL.;RENAULT - LOMAS;0045-00001056;7/6/2023;$ 127.504,00;;
AF333BS;383;4/5/2023;40100;SERVICIO;A) SE REALIZO SERVICIO DE MANTENIMIENTO DE 40.000KM. GARANTIA OFICIAL RENAULT  POR UN AÑO. SE REEMPLAZO ACEITE, FILTRO DE ACEITE, FILTRO DE AIRE, FILTRO DE AIRE, FILTRO DE HABITACULO + CONTROL GENERAL.;RENAULT - LOMAS;0045-00001053;7/6/2023;$ 86.372,00;;
AF215FO;384;3/5/2023;40300;SERVICIO;A) SE REALIZO SERVICIO DE MANTENIMIENTO DE 40.000KM. GARANTIA OFICIAL RENAULT  POR UN AÑO. SE REEMPLAZO ACEITE, FILTRO DE ACEITE, FILTRO DE AIRE, FILTRO DE AIRE, FILTRO DE HABITACULO + CONTROL GENERAL.;RENAULT - LOMAS;0045-00001050;7/6/2023;$ 86.372,00;;
AF138CR;385;27/4/2023;79001;SERVICIO;A) SINIESTRO N 705014 POLIZA 841136;RENAULT - LOMAS;0019-00002341;5/7/2023;$ 85.000,00;;
AE937QO;386;25/4/2023;40000;REPARACION;A) SE REALIZO SERVICIO DE MANTENIMIENTO DE 40.000KM. GARANTIA OFICIAL FIAT  POR UN AÑO. SE REEMPLAZO ACEITE, FILTRO DE ACEITE, FILTRO DE AIRE, FILTRO DE AIRE, FILTRO DE HABITACULO + CONTROL GENERAL.;FIAT GENERALLI;0023-00000302;25/4/2023;$ 52.164,00;;
AF757AU;387;24/4/2023;20000;SERVICIO;A) SE REALIZO SERVICIO DE MANTENIMIENTO DE 20.000KM. GARANTIA OFICIAL RENAULT POR UN AÑO. SE REEMPLAZO ACEITE, FILTRO DE ACEITE, FILTRO DE AIRE, FILTRO DE AIRE, FILTRO DE HABITACULO + CONTROL GENERAL DE 25 PUNTOS-DIAGNOSTICO POR SCANER.;RENAULT - LOMAS;0045-00001037;7/6/2023;$ 72.423,99;;
AF757AT;388;20/4/2023;4316;SERVICIO;A) SE REALIZO COLOCACION DE GANCHO REMOLQUE, GARANTIA OFICIAL RENAULT POR UN AÑO.;RENAULT - LOMAS;0045-00001026;29/5/2023;$ 104.000,01;;
AF237KR;389; 18-4-2023;10308;Colocacion Gancho de Remolque;A) SE REALIZO SERVICIO DE MANTENIMIENTO DE 10.000KM. GARANTIA OFICIAL RENAULT POR UN AÑO. SE REEMPLAZO ACEITE, FILTRO DE ACEITE, FILTRO DE AIRE, FILTRO DE AIRE, FILTRO DE HABITACULO + CONTROL GENERAL DE 25 PUNTOS-DIAGNOSTICO POR SCANER.;RENAULT - LOMAS;0045-00001023;29/5/2023;$ 32.428,01;;
AF086CU;390;17/4/2023;80000;SERVICIO;A) SE REALIZO SERVICIO DE MANTENIMIENTO DE 80.000KM. GARANTIA OFICIAL RENAULT POR UN AÑO. SE REEMPLAZO ACEITE, FILTRO DE ACEITE, FILTRO DE AIRE, FILTRO DE AIRE, FILTRO DE HABITACULO + CONTROL GENERAL DE 25 PUNTOS-DIAGNOSTICO POR SCANER.;RENAULT - LOMAS;0045-00001021;12/5/2023;$ 89.976,01;;
AF047UE;391;14/4/2023;60628;SERVICIO;A) REPARACION CHAPA Y PINTURA DEL SINIESTRO N 705620 POLIZA 841136;RENAULT - LOMAS;0019-00002315;5/7/2023;$ 97.000,00;;
AE937QW;392;10/4/2023;80000;REPARACION;A) SE REALIZO SERVICIO DE MANTENIMIENTO DE 80.000KM. GARANTIA OFICIAL RENAULT POR UN AÑO. SE REEMPLAZO ACEITE, FILTRO DE ACEITE, FILTRO DE AIRE, FILTRO DE AIRE, FILTRO DE HABITACULO + CONTROL GENERAL DE 25 PUNTOS-DIAGNOSTICO POR SCANER.;RENAULT - LOMAS;0045-00001010;12/5/2023;$ 89.976,00;;
AF174KK;393;31/3/2023;60000;SERVICIO;A) SE REALIZO SERVICIO DE MANTENIMIENTO DE 60.000KM. GARANTIA OFICIAL RENAULT POR UN AÑO. SE REEMPLAZO ACEITE, FILTRO DE ACEITE, FILTRO DE AIRE, FILTRO DE AIRE, FILTRO DE HABITACULO + CONTROL GENERAL DE 25 PUNTOS-DIAGNOSTICO POR SCANER + CORREA DE ACCESORIO.;RENAULT - LOMAS;0045-00001000;13/4/2023;$ 107.456,01;;
AE626OV;394;30/3/2023;79992;SERVICIO;A) SINIESTRO NUMERO 7008878 POLIZA 841136;RENAULT - LOMAS;0019-00002297;29/5/2023;$ 97.000,00;;
AF305MB;395;30/3/2023;80232;REPARACION;A) SE REALIZO SERVICIO DE MANTENIMIENTO DE 80.000KM. GARANTIA OFICIAL RENAULT POR UN AÑO. SE REEMPLAZO ACEITE, FILTRO DE ACEITE, FILTRO DE AIRE, FILTRO DE AIRE, FILTRO DE HABITACULO + CONTROL GENERAL DE 25 PUNTOS-DIAGNOSTICO POR SCANER;RENAULT - LOMAS;0045-00000995;13/4/2023;$ 70.852,00;;
AF481PB;396;23/3/2023;39845;SERVICIO;SE REALIZO SERVICIO DE MANTENIMIENTO DE 40.000KM. ;RENAULT - LOMAS;0045-00000990;13/4/2023;$ 70.852,01;;
AB027KG;397;21/3/2023;113993;SERVICIO;A) SINIESTRO N 703856 POLIZA 841136;RENAULT - LOMAS;0019-00002282;29/5/2023;$ 55.000,00;;
AF481PH;398;22/3/2023;40000;REPARACION;A) SE REALIZO SERVICIO DE MANTENIMIENTO DE 40.000KM. GARANTIA OFICIAL RENAULT POR UN AÑO. SE REEMPLAZO ACEITE, FILTRO DE ACEITE, FILTRO DE AIRE, FILTRO DE AIRE, FILTRO DE HABITACULO + CONTROL GENERAL DE 25 PUNTOS-DIAGNOSTICO POR SCANER;RENAULT - LOMAS;0045-00000981;13/4/2023;$ 70.852,01;;
AF571RW;399;16/3/2023;40000;SERVICIO;A) SE REALIZO SERVICIO DE MANTENIMIENTO DE 40.000KM. GARANTIA OFICIAL RENAULT POR UN AÑO. SE REEMPLAZO ACEITE, FILTRO DE ACEITE, FILTRO DE AIRE, FILTRO DE AIRE, FILTRO DE HABITACULO + CONTROL GENERAL DE 25 PUNTOS-DIAGNOSTICO POR SCANER;RENAULT - LOMAS;0045-00000966;13/4/2023;$ 72.984,01;;
AF215FO;400;16/3/2023;28265;SERVICIO;COBRO DE FRANQUICIA- A) SINIESTRO N 702488 - ALASKAN;RENAULT - LOMAS;0019-00002278;$ 45.029,00;$ 97.000,00;;
AF481OQ;401;15/3/2023;19748;REPARACIÓN;A) SE REALIZO SERVICIO DE MANTENIMIENTO DE 20.000KM. GARANTIA OFICIAL RENAULT POR UN AÑO. SE REEMPLAZO ACEITE, FILTRO DE ACEITE, FILTRO DE AIRE, FILTRO DE AIRE, FILTRO DE HABITACULO + CONTROL GENERAL DE 25 PUNTOS-DIAGNOSTICO POR SCANER. SE REALIZO ALINEACION + BALANCEO + ROTACION DE NEUMATICOS;RENAULT - LOMAS;0045-00000963;13/4/2023;$ 31.856,01;;
AF333BU;402;7/3/2023;60000;SERVICIO;A) SE REALIZO SERVICIO DE MANTENIMIENTO DE 60.000KM. GARANTIA OFICIAL RENAULT POR UN AÑO. SE REEMPLAZO ACEITE, FILTRO DE ACEITE, FILTRO DE AIRE, FILTRO DE AIRE, FILTRO DE HABITACULO + CONTROL GENERAL DE 25 PUNTOS-DIAGNOSTICO POR SCANER;RENAULT - LOMAS;0045-00000953;13/4/2023;$ 107.456,01;;
AF608ZD;403;27/2/2023;20000;SERVICIO;A) SE REALIZO SERVICIO DE MANTENIMIENTO DE 20.000KM. GARANTIA OFICIAL RENAULT POR UN AÑO. SE REEMPLAZO ACEITE, FILTRO DE ACEITE, FILTRO DE AIRE, FILTRO DE AIRE, FILTRO DE HABITACULO + CONTROL GENERAL DE 25 PUNTOS-DIAGNOSTICO POR SCANER;RENAULT - LOMAS;0045-00000946;13/4/2023;$ 70.572,04;;
AF305MA;404;15/2/2023;80300;SERVICIO;A) SE REALIZO SERVICIO DE MANTENIMIENTO DE 80.000KM. GARANTIA OFICIAL RENAULT POR UN AÑO. SE REEMPLAZO ACEITE, FILTRO DE ACEITE, FILTRO DE AIRE, FILTRO DE AIRE, FILTRO DE HABITACULO + CONTROL GENERAL DE 25 PUNTOS-DIAGNOSTICO POR SCANER;RENAULT - LOMAS;0045-00000924;9/3/2023;$ 91.564,00;;
AF481PH;405;13/2/2023;20800;SERVICIO;A) REPARACION SINIESTRO ALLIANZ -  FRANQUICIA;RENAULT - LOMAS;0019-00002268;13/4/2023;$ 69.300,00;;
AF571RX;406;6/1/2023;19937;REP. SINIESTRO;A) SE REALIZO SERVICIO DE MANTENIMIENTO DE 20.000KM. GARANTIA OFICIAL RENAULT POR UN AÑO. SE REEMPLAZO ACEITE, FILTRO DE ACEITE, FILTRO DE AIRE, FILTRO DE AIRE, FILTRO DE HABITACULO + CONTROL GENERAL DE 25 PUNTOS-DIAGNOSTICO POR SCANER;RENAULT - LOMAS;0045-00000918;24/2/2023;$ 73.436,74;;
AF047UW;407;31/1/2023;40831;SERVICIO;A) SE REALIZO SERVICIO DE MANTENIMIENTO DE 20.000KM. GARANTIA OFICIAL RENAULT POR UN AÑO. SE REEMPLAZO ACEITE, FILTRO DE ACEITE, FILTRO DE AIRE, FILTRO DE AIRE, FILTRO DE HABITACULO + CONTROL GENERAL DE 25 PUNTOS-DIAGNOSTICO POR SCANER;RENAULT - LOMAS;0045-00000907;17/2/2023;$ 69.488,01;;
AF138CR;408;1/2/2023;79000;SERVICIO;A) SE REALIZO SERVICIO DE MANTENIMIENTO DE 80.000KM. GARANTIA OFICIAL RENAULT POR UN AÑO. SE REEMPLAZO ACEITE, FILTRO DE ACEITE, FILTRO DE AIRE, FILTRO DE AIRE, FILTRO DE HABITACULO + CONTROL GENERAL DE 25 PUNTOS-DIAGNOSTICO POR SCANER;RENAULT - LOMAS;0045-00000911;17/2/2023;$ 91.564,02;;
AF333BV;409;30/1/2023;40701;SERVICIO e Inspección;A) SE REALIZO SERVICIO DE MANTENIMIENTO DE 40.000KM. GARANTIA OFICIAL RENAULT POR UN AÑO. SE REEMPLAZO ACEITE, FILTRO DE ACEITE, FILTRO DE AIRE, FILTRO DE AIRE, FILTRO DE HABITACULO + CONTROL GENERAL DE 25 PUNTOS-DIAGNOSTICO POR SCANER;RENAULT - LOMAS;0045-00000905;17/2/2023;$ 69.488,00;;
AF086CU;410;31/1/2023;;SERVICIO;Tiene dañado el condensador y ya fue solicitado por Renault;RENAULT - LOMAS;;;;;
AE937QV;411;2/2/2023;60000;REP.A/A;A) SE REALIZO SERVICIO DE MANTENIMIENTO DE 60.000KM. GARANTIA OFICIAL RENAULT POR UN AÑO. SE REEMPLAZO ACEITE, FILTRO DE ACEITE, FILTRO DE AIRE, FILTRO DE AIRE, FILTRO DE HABITACULO + CONTROL GENERAL DE 25 PUNTOS-DIAGNOSTICO POR SCANER;RENAULT - LOMAS;0045-00000910;17/2/2023;$ 110.040,00;;
AE626OT;412;1/2/2023;;SERVICIO Y REP.A/A;Falla el condensador y ya fue solicitado por Renault;RENAULT - LOMAS;;;;;
NSA765;413;31/1/2023;;REP.A/A;Reparación de caño del aire acondicionado, cambio de filtro de polen y carga R134. Renault Clio NSA765;WALTER - NUÑEZ;0002-00000945;2/2/2023;$ 35.000,00;;
NOU018;414;6/2/2023;;REP. A/A; Cambiar cazoleta y amortiguador. Repuesto en camino;JAVIER ACUÑA;;;;;
MNF900;415;26/1/2023;;REPARADO;Reparación de pérdida del aire acondicionado, carga R134 y cambio de filtro de polen. Renault Clio MNF900;WALTER - NUÑEZ;0002-00000942;2/2/2023;$ 23.000,00;;
MNF932;416;24/1/2023;;REP. A/A;YA FUE REPARADO;JAVIER ACUÑA;;;;;
AF481OQ;417;25/1/2023;;REPARADO;YA FUE REPARADO;RENAULT - LOMAS;GARANTIA;;;;
AF481OR;418;26/1/2023;;REP.A/A;Se realizará revisión por una luz que se le enciende en el tablero.;RENAULT - LOMAS;GARANTIA;;;;
AE694IC;419;24/1/2023;80335;REPARADO;A) SE REALIZO SERVICIO DE MANTENIMIENTO DE 80.000KM. GARANTIA OFICIAL RENAULT POR UN AÑO. SE REEMPLAZO ACEITE, FILTRO DE ACEITE, FILTRO DE AIRE, FILTRO DE AIRE, FILTRO DE HABITACULO + CONTROL GENERAL DE 25 PUNTOS-DIAGNOSTICO POR SCANER;RENAULT - LOMAS;0045-00000893;10/2/2023;$ 80.572,00;;
AF270OX;420;23/1/2023;20878;SERVICIO;A) SE REALIZO SERVICIO DE MANTENIMIENTO DE 20.000KM. GARANTIA OFICIAL RENAULT POR UN AÑO. SE REEMPLAZO ACEITE, FILTRO DE ACEITE, FILTRO DE AIRE, FILTRO DE AIRE, FILTRO DE HABITACULO + CONTROL GENERAL DE 25 PUNTOS-DIAGNOSTICO POR SCANER;RENAULT - LOMAS;0045-00000891;10/2/2023;$ 30.172,00;;
AE937QP;421;10/1/2023;49085;SERVICIO;Se realizo servicio de 50,000 KMS. FILTRO DE ACEITE, ELEMENTO FILTRANTE AIRE. / Recomendo reemplazar neumatico delantero izquierdo p/desgate.;FIAT GENERALLI;0023-00000249;10/1/2023;$ 35.591,79;Recomendo reemplazo de neumatico delantero izquierdo p/desgate;Otorgaron 5% desc.
AF174KK;422;9/1/2023;;SERVICIO;PAGO DE FRANQUICIA…....Se reparo y salio del concesionario 20-1-23.  A) SINIESTRO NUMERO 697333;RENAULT - LOMAS;0019-00002227;10/2/2023;$ 97.000,00;Ya se reparo;
AF305MB;423;6/1/2023;60156;REPARACIÓN;A) SE REALIZO SERVICIO DE MANTENIMIENTO DE 60,000KMS. GARANTIA OFICIAL, RENAULT POR UN AÑO, SE REEMPLAZO, ACEITE, FILTRO DE AIRE,FILTRO DE HABITACULO, FILTRO DE COMBUSTIBLE+ KIT DE ACCESORIOS, CONTROL GENERAL DE 25 PUNTOS + DIAGNOSTICO POR SCANER.;RENAULT - LOMAS;0045-00000870;10/2/2023;$ 104.772,00;;
AF571RW;424;5/1/2023;20956;SERVICIO;A) SE REALIZO SERVICIO DE MANTENIMIENTO DE 20,000KMS. GARANTIA OFICIAL, RENAULT POR UN AÑO, SE REEMPLAZO, ACEITE, FILTRO DE AIRE,FILTRO DE HABITACULO, FILTRO DE COMBUSTIBLE+ CONTROL GENERAL DE 25 PUNTOS + DIAGNOSTICO POR SCANER.;RENAULT - LOMAS;0045-00000861;10/2/2023;$ 69.488,00;;
AE870CQ;425;5/1/2023;42235;SERVICIO;A) SE REALIZO SERVICIO DE MANTENIMIENTO DE 40,000KMS. GARANTIA OFICIAL, RENAULT POR UN AÑO, SE REEMPLAZO, ACEITE, FILTRO DE AIRE,FILTRO DE HABITACULO, FILTRO DE COMBUSTIBLE+ CONTROL GENERAL DE 25 PUNTOS + DIAGNOSTICO POR SCANER.;RENAULT - LOMAS;0045-00000865;10/2/2023;$ 39.932,00;;
AF333BS;426;27/12/2022;20018;SERVICIO;PUNTOS + DIAGNOSTICO POR ESCANER;RENAULT - LOMAS;0045-00000851;9/1/2023;$ 67.839,79;;
AF481PB;427;22/12/2022;20368;SERVICIO;SE REALIZO SERVICIO DE MANTENIMIENTO DE 20.000KM ;RENAULT - LOMAS;0045-00000839;9/1/2023;$ 67.843,34;;
AF421HL;428;20/12/2022;9800;SERVICIO;A) REALIZO SERVICIO DE 10,000KMS. CAMBIO DE ACEITE FILTRO, BUJIAS, REVISION INTEGRAL MAS CONTROL 25 PUNTOS.;RENAULT - LOMAS;0045-00000837;9/1/2023;$ 27.184,88;;
AF237KT;429;9/1/2023;13388;SERVICIO;SE INGRESA A LA CONSECIONARIA PARA REPARAC. P/SINIESTRO NRO 700951/ FACT. COBRO DE FRANQUICIA Nro. 0019-00002262;RENAULT - LOMAS;0019-00002262;9/3/2023;$ 28.000,03;;
AB027KF;430;19/12/2022;131434;REPARACIÓN;Informo que al móvil Oroch AB-027-KF se le realizó cambio de filtros y aceite a los KM 131434.;JAVIER ACUÑA;;;;;
AF481PH;431;16/12/2022;20800;SERVICIO;A) SE REALIZO SERVICIO DE MANTENIMIENTO DE 20.000KM GARANTIA OFICIAL RENAULT POR UN AÑO. SE REEMPLAZO y ACEITE, FILTRO DE ACEITE, FILTRO DE AIRE, FILTRO HABITACULO, FILTRO DE COMBUSTIBLE+CONTROL GENERAL DE 25 PUNTOS + SCANER. B) SE REALIZO INSPECCION;RENAULT - LOMAS;0045-00000836;9/1/2023;$ 67.839,98;;
AE870CP;432;19/12/2022;40465;SERVICIO;A) REALIZO SERVICIO DE 40,000KMS. CAMBIO DE ACEITE FILTRO, BUJIAS, REVISION INTEGRAL MAS CONTROL 25 PUNTOS.           PROXIMO SERVICIO EN 10000KM O UN AÑO;RENAULT - LOMAS;0045-00000835;23/1/2023;$ 39.359,38;;
AB027KG;433;16/12/2022;106758;SERVICIO;Informo que al móvil Oroch AB-027-KG se le realizó cambio paral central del motor y se realizó cambio de filtros y aceite a los KM 106758.;JAVIER ACUÑA;;;;;
AF174KK;434;16/12/2022;;SERVICIO;Falta el sensor de ABS aun, ya esta la bieleta;RENAULT - LOMAS;;;;Ya se reparo;
AF047UX;435;15/12/2022;;REPARACIÓN;COLOCACIÓN DEL  CONDENSADOR DE AA y llevarles el cinturon de seguridad para dejarla operativa.;RENAULT - LOMAS;;;;Ya se reparo;
AE626OU;436;14/12/2022;;REPARACIÓN;Ya esta la pieza CONTACTOR GIRATORIO DE AIRBAG;RENAULT - LOMAS;;;;Ya se reparo;
AF215FN;437;15/12/2022;60000;REPARACIÓN;A) SE REALIZO SERVICIO DE MANTENIMIENTO DE 60.000KM GARANTIA OFICIAL RENAULT POR UN AÑO. SE REEMPLAZO ACEITE, FILTRO DE ACEITE, FILTRO DE AIRE, FILTRO HABITACULO, FILTRO DE COMBUSTIBLE+ KIT DE ACCESORIOS +CONTROL GENERAL DE 25 PUNTOS + DIAGNOSTICO POR SCANER. ;RENAULT - LOMAS;0045-00000827;23/1/2023;$ 100.920,00;;
NOU018;438;7/12/2022;195743;SERVICIO;Buenas tardes informo que al móvil Clio NOU-018 se le cambio junta de tapa de válvulas , se le cambio manija interna puerta izquierda y se le realizó cambio de filtros y aceite a los KM 195743 quedando operativo.;JAVIER ACUÑA;;;;;
AF305MA;439;6/12/2022;60333;SERVICIO Y MAS;A) SE REALIZO SERVICIO DE MANTENIMIENTO DE 60.000KM GARANTIA OFICIAL RENAULT POR UN AÑO. SE REEMPLAZO ACEITE, FILTRO DE ACEITE, FILTRO DE AIRE, FILTRO HABITACULO, FILTRO DE COMBUSTIBLE+ KIT DE ACCESORIOS +CONTROL GENERAL DE 25 PUNTOS + DIAGNOSTICO POR SCANER. ;RENAULT - LOMAS;0045-00000820;23/1/2023;$ 100.920,00;;
AF421HY;440;12/12/2022;19526;SERVICIO;A) SE REALIZO SERVICIO DE MANTENIMIENTO DE 20.000KM GARANTIA OFICIAL RENAULT POR UN AÑO. SE REEMPLAZO ACEITE, FILTRO DE ACEITE, FILTRO DE AIRE, FILTRO HABITACULO, FILTRO DE COMBUSTIBLE+CONTROL GENERAL DE 25 PUNTOS + DIAGNOSTICO POR SCANER. ;RENAULT - LOMAS;0045-00000823;23/1/2023;$ 67.840,01;;
AF481OQ;441;5/12/2022;10591;SERVICIO;A) SE REALIZO SERVICIO DE MANTENIMIENTO DE 10.000KM GARANTIA OFICIAL RENAULT POR UN AÑO. SE REEMPLAZO ACEITE, FILTRO DE ACEITE, FILTRO DE AIRE, FILTRO HABITACULO, FILTRO DE COMBUSTIBLE+CONTROL GENERAL DE 25 PUNTOS + SCANER. B) SE AGREGO GAS EN CIRCUITO DE AIRE A/ACOND.;RENAULT - LOMAS;0045-00000818;21/12/2022;$ 26.623,99;Ingresaá al taller FIAT REGENALLI EL DIA 4-1-23;
AF333BU;442;5/12/2022;40188;SERVICIO;A) SE REALIZO SERVICIO DE MANTENIMIENTO DE 40.000KM GARANTIA OFICIAL RENAULT POR UN AÑO. SE REEMPLAZO y ACEITE, FILTRO DE ACEITE, FILTRO DE AIRE, FILTRO HABITACULO, FILTRO DE COMBUSTIBLE+CONTROL GENERAL DE 25 PUNTOS + SCANER;RENAULT - LOMAS;0045-00000819;21/12/2022;$ 66.620,01;;
AE626OT;443;8/11/2022;78906;SERVICIO;A) SE REALIZO SERVICIO DE MANTENIMIENTO DE 80.000KM GARANTIA OFICIAL RENAULT POR UN AÑO. SE REEMPLAZO y ACEITE, FILTRO DE ACEITE, FILTRO DE AIRE, FILTRO HABITACULO, FILTRO DE COMBUSTIBLE+CONTROL GENERAL DE 25 PUNTOS + SCANER;RENAULT - LOMAS;0045-00000781;18/1/2023;$ 81.616,01;;
AE626OT;444;8/11/2022;78905;SERVICIO;A) SE REALIZO REEMPLAZO SERVICIO DE AMORTIGUADOR DELANTERO IZQUIERDO, + CONTROL GENERAL DE 25 PUNTOS + diagnostico por scaner. B) Se realizo servicio de mantenimiento facturado en orden 5413;RENAULT - LOMAS;0045-00000782;18/1/2023;$ 21.500,00;;
NHK226;445;2/11/2022;187141;Cambio de Amortiguador;Informo que al móvil Clio NHK-226 se le realizó cambio de filtros y aceite a los KM 187141.;JAVIER ACUÑA;;;;;
AF333BV;446;31/10/2022;19543;SERVICIO;A) SE REALIZO SERVICIO DE MANTENIMIENTO DE 20.000KM GARANTIA OFICIAL RENAULT POR UN AÑO. SE REEMPLAZO y ACEITE, FILTRO DE ACEITE, FILTRO DE AIRE, FILTRO HABITACULO, FILTRO DE COMBUSTIBLE+CONTROL GENERAL DE 25 PUNTOS + DIAGNOSTICO  ELECTRICO POR SCANER. ;RENAULT - LOMAS;0045-00000776;22/11/2022;$ 63.084,00;;
AF047UR;447;26/10/2022;40216;SERVICIO;A) SE REALIZO SERVICIO DE MANTENIMIENTO DE 40.000KM GARANTIA OFICIAL RENAULT POR UN AÑO. SE REEMPLAZO y ACEITE, FILTRO DE ACEITE, FILTRO DE AIRE, FILTRO HABITACULO, FILTRO DE COMBUSTIBLE+CONTROL GENERAL DE 25 PUNTOS + SCANER. ;RENAULT - LOMAS;0045-00000766;22/11/2022;$ 64.572,00;;
AF174KK;448;25/10/2022;39000;SERVICIO;A) SE REALIZO SERVICIO DE MANTENIMIENTO DE 40.000KM GARANTIA OFICIAL RENAULT POR UN AÑO. SE REEMPLAZO y ACEITE, FILTRO DE ACEITE, FILTRO DE AIRE, FILTRO HABITACULO, FILTRO DE COMBUSTIBLE+CONTROL GENERAL DE 25 PUNTOS + SCANER. ;RENAULT - LOMAS;0045-00000762;22/11/2022;$ 64.572,00;;
AE667QV;449;21/10/2022;80386;SERVICIO;A) SE REALIZO SERVICIO DE MANTENIMIENTO DE 80.000KM GARANTIA OFICIAL RENAULT POR UN AÑO. SE REEMPLAZO y ACEITE, FILTRO DE ACEITE, FILTRO DE AIRE, FILTRO HABITACULO, FILTRO DE COMBUSTIBLE+CONTROL GENERAL DE 25 PUNTOS + SCANER. B) SE REALIZARA PEDIDO DE CONTACTOR GIRATORIO DE AIRBAG EN GARANTIA.;RENAULT - LOMAS;0045-00000757;22/11/2022;$ 77.072,00;;
AE626OU;450;20/10/2022;79974;SERVICIO;A) SE REALIZO SERVICIO DE MANTENIMIENTO DE 80.000KM GARANTIA OFICIAL RENAULT POR UN AÑO. SE REEMPLAZO y ACEITE, FILTRO DE ACEITE, FILTRO DE AIRE, FILTRO HABITACULO, FILTRO DE COMBUSTIBLE+CONTROL GENERAL DE 25 PUNTOS + SCANER. B) SE REALIZARA PEDIDO DE CONTACTOR GIRATORIO DE AIRBAG EN GARANTIA.;RENAULT - LOMAS;0045-00000751;22/11/2022;$ 76.272,00;;
AF270OX;451;19/10/2022;10433;SERVICIO;A) SE REALIZO SERVICIO DE MANTENIMIENTO DE 10.000KM GARANTIA OFICIAL RENAULT POR UN AÑO. SE REEMPLAZO y ACEITE, FILTRO DE ACEITE, FILTRO DE AIRE, FILTRO HABITACULO, FILTRO DE COMBUSTIBLE+CONTROL GENERAL DE 25 PUNTOS + SCANER;RENAULT - LOMAS;0045-00000749;22/11/2022;$ 23.832,00;;
AE667QX;452;18/10/2022;80129;SERVICIO;A) SE REALIZO SERVICIO DE MANTENIMIENTO DE 80.000KM GARANTIA OFICIAL RENAULT POR UN AÑO. SE REEMPLAZO y ACEITE, FILTRO DE ACEITE, FILTRO DE AIRE, FILTRO HABITACULO, FILTRO DE COMBUSTIBLE+CONTROL GENERAL DE 25 PUNTOS + SCANER;RENAULT - LOMAS;0045-00000745;22/11/2022;$ 76.560,00;;
AF047UW;453;17/10/2022;20357;SERVICIO;A) SE REALIZO SERVICIO DE MANTENIMIENTO DE 20.000KM GARANTIA OFICIAL RENAULT POR UN AÑO. SE REEMPLAZO y ACEITE, FILTRO DE ACEITE, FILTRO DE AIRE, FILTRO HABITACULO, FILTRO DE COMBUSTIBLE+CONTROL GENERAL DE 25 PUNTOS + SCANER;RENAULT - LOMAS;0045-00000743;1/11/2022;$ 63.084,00;;
AF305MB;454;14/10/2022;40000;SERVICIO;A) SE REALIZO SERVICIO DE MANTENIMIENTO DE 40.000KM GARANTIA OFICIAL RENAULT POR UN AÑO. SE REEMPLAZO y ACEITE, FILTRO DE ACEITE, FILTRO DE AIRE, FILTRO HABITACULO, FILTRO DE COMBUSTIBLE+CONTROL GENERAL DE 25 PUNTOS + SCANER;RENAULT - LOMAS;0045-00000741;1/11/2022;$ 64.572,00;;
AF215FO;455;14/10/2022;20000;SERVICIO;A) SE REALIZO SERVICIO DE MANTENIMIENTO DE 20.000KM GARANTIA OFICIAL RENAULT POR UN AÑO. SE REEMPLAZO y ACEITE, FILTRO DE ACEITE, FILTRO DE AIRE, FILTRO HABITACULO, FILTRO DE COMBUSTIBLE+CONTROL GENERAL DE 25 PUNTOS + SCANER;RENAULT - LOMAS;0045-00000740;1/11/2022;$ 63.084,00;;
AE626OV;456;28/9/2022;79983;SERVICIO;A) SE REALIZO SERVICIO DE MANTENIMIENTO DE 80.000KM GARANTIA OFICIAL RENAULT POR UN AÑO. SE REEMPLAZO y ACEITE, FILTRO DE ACEITE, FILTRO DE AIRE, FILTRO HABITACULO, FILTRO DE COMBUSTIBLE+CONTROL GENERAL DE 25 PUNTOS + SCANER;RENAULT - LOMAS;0045-00000720;1/11/2022;$ 69.536,00;;
AF305MA;457;22/9/2022;40150;SERVICIO;A) SE REALIZO SERVICIO DE MANTENIMIENTO DE 40.000KM GARANTIA OFICIAL RENAULT POR UN AÑO. SE REEMPLAZO y ACEITE, FILTRO DE ACEITE, FILTRO DE AIRE, FILTRO HABITACULO, FILTRO DE COMBUSTIBLE+CONTROL GENERAL DE 25 PUNTOS + SCANER;RENAULT - LOMAS;0045-00000716;1/11/2022;$ 56.716,00;;
AE937QW;458;23/9/2022;63100;SERVICIO;A) SE REALIZO REPARACION DE SINIESTRO NRO 694732. FRANQUICIA A CARGO DE CLIENTE.;RENAULT - LOMAS;0045-00000712;1/11/2022;$ 96.999,99;;
AF138CR;459;13/9/2022;60000;REPARACIÓN;A) SE REALIZO SERVICIO DE MANTENIMIENTO DE 60.000KM. SERVICIO OFICIAL RENAULT. GARANTIA DE UN AÑO. Reemplazo de aceite y filtro, filtro de aire, filtro de A/A. + CORREAS DE ACCESORIOS + CONTROL DE 25 puntos, con Diagnostico con scaner. 20% de descuento Acordado.;RENAULT - LOMAS;0045-00000698;29/9/2022;$ 84.364,00;;
AF237KT;460;12/9/2022;9842;SERVICIO;A) SE REALIZO SERVICIO DE MANTENIMIENTO DE 10.000KM GARANTIA OFICIAL RENAULT POR UN AÑO. SE REEMPLAZO y ACEITE, FILTRO DE ACEITE, FILTRO DE AIRE, FILTRO HABITACULO, FILTRO DE COMBUSTIBLE+CONTROL GENERAL DE 25 PUNTOS + SCANER;RENAULT - LOMAS;0045-00000696;28/9/2022;$ 25.450,57;;
AF333BU;461;9/9/2022;20900;SERVICIO;A) SE REALIZO SERVICIO DE MANTENIMIENTO DE 20.000KM GARANTIA OFICIAL RENAULT POR UN AÑO. SE REEMPLAZO y ACEITE, FILTRO DE ACEITE, FILTRO DE AIRE, FILTRO HABITACULO, FILTRO DE COMBUSTIBLE+CONTROL GENERAL DE 25 PUNTOS + SCANER;RENAULT - LOMAS;0045-00000693;28/9/2022;$ 56.716,00;;
AF047UQ;462;9/9/2022;60000;SERVICIO;A) SE REALIZO SERVICIO DE MANTENIMIENTO DE 60.000KM GARANTIA OFICIAL RENAULT POR UN AÑO. SE REEMPLAZO y ACEITE, FILTRO DE ACEITE, FILTRO DE AIRE, FILTRO HABITACULO, FILTRO DE COMBUSTIBLE+CONTROL GENERAL DE 25 PUNTOS + SCANER;RENAULT - LOMAS;0045-00000692;28/9/2022;$ 84.364,00;;
AF047UE;463;6/9/2022;60626;SERVICIO;A) SE REALIZO SERVICIO DE MANTENIMIENTO DE 60.000KM GARANTIA OFICIAL RENAULT POR UN AÑO. SE REEMPLAZO y ACEITE, FILTRO DE ACEITE, FILTRO DE AIRE, FILTRO HABITACULO, FILTRO DE COMBUSTIBLE+CONTROL GENERAL DE 25 PUNTOS + SCANER;RENAULT - LOMAS;0045-00000686;28/9/2022;$ 84.364,00;;
AF215FN;464;2/9/2022;40583;SERVICIO;A) SE REALIZO SERVICIO DE MANTENIMIENTO DE 40.000KM GARANTIA OFICIAL RENAULT POR UN AÑO. SE REEMPLAZO y ACEITE, FILTRO DE ACEITE, FILTRO DE AIRE, FILTRO HABITACULO, FILTRO DE COMBUSTIBLE+CONTROL GENERAL DE 25 PUNTOS + SCANER;RENAULT - LOMAS;0045-00000683;28/9/2022;$ 56.392,00;;
AF086CU;465;19/8/2022;60000;SERVICIO;A) SE REALIZO SERVICIO DE MANTENIMIENTO DE 60.000KM GARANTIA OFICIAL RENAULT POR UN AÑO. SE REEMPLAZO y ACEITE, FILTRO DE ACEITE, FILTRO DE AIRE, FILTRO HABITACULO, FILTRO DE COMBUSTIBLE+CONTROL GENERAL DE 25 PUNTOS + SCANER;RENAULT - LOMAS;0045-00000669;29/8/2022;$ 81.156,01;;
AE937QW;466;8/8/2022;60140;SERVICIO;A) SE REALIZO SERVICIO DE MANTENIMIENTO DE 60.000KM GARANTIA OFICIAL RENAULT POR UN AÑO. SE REEMPLAZO y ACEITE, FILTRO DE ACEITE, FILTRO DE AIRE, FILTRO HABITACULO, FILTRO DE COMBUSTIBLE+CONTROL GENERAL DE 25 PUNTOS + SCANER;RENAULT - LOMAS;0045-00000656;24/8/2022;$ 81.155,99;;
AE694IC;467;1/8/2022;61582;SERVICIO;A) SE REALIZO REEMPLAZO DE KIT DE ACCESORIOS. SERVICIO OFICIAL RENAULT. GARANTIA DE UN AÑO.;RENAULT - LOMAS;0045-00000651;12/8/2022;$ 35.128,65;;
AF047UR;468;27/7/2022;39700;Cambio de Correa y distribución (Kit) ;A) SE REALIZO SERVICIO DE MANTENIMIENTO DE 40.000KM GARANTIA OFICIAL RENAULT POR UN AÑO. SE REEMPLAZO y ACEITE, FILTRO DE ACEITE, FILTRO DE AIRE, FILTRO HABITACULO, FILTRO DE COMBUSTIBLE+CONTROL GENERAL DE 25 PUNTOS + SCANER;RENAULT - LOMAS;0045-00000647;12/8/2022;$ 48.928,01;;
AF047UX;469;28/7/2022;21500;SERVICIO;A) SE REALIZO SERVICIO DE MANTENIMIENTO DE 20.000KM GARANTIA OFICIAL RENAULT POR UN AÑO. SE REEMPLAZO y ACEITE, FILTRO DE ACEITE, FILTRO DE AIRE, FILTRO HABITACULO, FILTRO DE COMBUSTIBLE+CONTROL GENERAL DE 25 PUNTOS + SCANER;RENAULT - LOMAS;0045-00000645;12/8/2022;$ 48.928,02;;
AE870CQ;470;16/6/2022;20000;SERVICIO;A) SE REALIZO SERVICIO DE MANTENIMIENTO DE 20.000KM GARANTIA OFICIAL RENAULT POR UN AÑO. SE REEMPLAZO y ACEITE, FILTRO DE ACEITE, FILTRO DE AIRE, FILTRO HABITACULO, FILTRO DE COMBUSTIBLE+CONTROL GENERAL DE 25 PUNTOS + SCANER;RENAULT - LOMAS;0045-00000595;15/6/2022;$ 20.880,01;;
AF215FN;471;30/5/2022;20224;SERVICIO;A) SE REALIZO SERVICIO DE MANTENIMIENTO DE 20.000KM GARANTIA OFICIAL RENAULT POR UN AÑO. SE REEMPLAZO y ACEITE, FILTRO DE ACEITE, FILTRO DE AIRE, FILTRO HABITACULO, FILTRO DE COMBUSTIBLE+CONTROL GENERAL DE 25 PUNTOS + SCANER;RENAULT - LOMAS;0045-00000574;13/6/2022;$ 50.248,00;;
