PATENTE;MOVIL Nº;CHASIS Nº;FECHA;MOTIVO;QUIEN INTERVINO
AG366YT;97;8A1D23000RL715206;2/1/2025;Se le cambio lámpara de alta y baja lado derecho.;JAVIER ACUÑA
AF757AS;75;8A1D23004PL388029;4/1/2025;Se le cambio lámpara de alta y baja lado derecho.;JAVIER ACUÑA
AG059DH;83;8A1D23000RL637820;4/1/2025;Se le cambio lámpara de alta y baja lado derecho.;JAVIER ACUÑA
AF270OX;54;8A15SRYE5NL153755;10/1/2025;Se le realizó cambio de pastillas de frenos;JAVIER ACUÑA
AF857HF;78;8A1D23000PL387802;14/1/2025;Se le cambio lámparas de alta y baja de ambos lados.;JAVIER ACUÑA
AC515JH;21;8A1FC1315JL121988;14/1/2025;Se le realizó la reparación del alternador;JAVIER ACUÑA
AF481OU;65;8A15SRYE5PL288906;14/1/2025;Se le realizó cambio de pastillas de frenos y cambio de batería;JAVIER ACUÑA
AG278OX;91;8A1D23008RL750558;14/1/2025;Se le cambio lámparas de alta y baja de ambos lados.;JAVIER ACUÑA
AG278OZ;93;8A1D2300XRL750562;14/1/2025;Se le reemplazo las pastillas de frenos;JAVIER ACUÑA
AG059DJ;82;8A1D23008RL637225;14/1/2025;Se le cambio lámpara de alta y baja lado izquierdo y Se le colocó 2 cubiertas nuevas delanteras ;JAVIER ACUÑA
MVE291;5;8A1CB2U01DL736928;14/1/2025;Se le reemplazo los amortiguadores, cazoleta y grapodina delantero, y se le cambio la tapa depósito de agua;JAVIER ACUÑA
AG315HD;95;8A1D2300XRL750576;14/1/2025;Se le colocó 2 cubiertas nuevas traseras quedando operativo a los KM 54094.;JAVIER ACUÑA
AF305MA;55;8A1D23000NL154723;16/1/2025;Se le reemplazo la batería;JAVIER ACUÑA
AF086CU;46;8A1D2300XNL061969;17/1/2025;Se le cambio las pastillas de frenos;JAVIER ACUÑA
AF452DA;64;8A1D23002PL242132;17/1/2025;Se le cambio lámpara de alta y baja lado izquierdo;JAVIER ACUÑA
AA909VM;16;93Y9SR5A6HJ634085;20/1/2025;Se le reparo el burro de arranque;JAVIER ACUÑA
AF481PB;67;8A1D23003PL269050;20/1/2025;Se le reemplazo la batería ;JAVIER ACUÑA
AG366YT;97;8A1D23000RL715206;20/1/2025;Se le cambio lámparas de alta y baja de ambos lados.;JAVIER ACUÑA
AF305MA;55;8A1D23000NL154723;20/1/2025;Se le reemplazo los amortiguadores delanteros y ruleman y masa delantera lado izquierdo;JAVIER ACUÑA
AF047UX;45;8A1D23009NL017669;20/1/2025;Se le reemplazo la batería;JAVIER ACUÑA
AG126UE;86;8A1D23000RL643777;20/1/2025;Se le colocó 2 cubiertas nuevas delanteras ;JAVIER ACUÑA
AE870CP;34;93Y9SR5A3MJ801143;22/1/2025;Se le cambio la bateria a los 89.285 km la que tenia no servia mas;JAVIER ACUÑA
AF086CU;46;8A1D2300XNL061969;24/1/2025;Se le reemplazo la batería ya que la que tenía no servía más quedando operativo;JAVIER ACUÑA
AF333BS;57;8A1D23009NL192519;24/1/2025;Se le cambio flexible de frenos delantero lado izquierdo quedando operativo;JAVIER ACUÑA
AF305MA;55;8A1D23000NL154723;27/1/2025;Se le cambio ruleman y masa delantera lado izquierdo, Se le reemplazo la mordaza de freno izquierda y pastillas de frenos ;JAVIER ACUÑA
AF571RX;70;8A1D23008PL269156;28/1/2025;Se le reemplazo la batería ya que la que tenía no servía;JAVIER ACUÑA
AF481PB;67;8A1D23003PL269050;28/1/2025;Se le colocó 2 cubiertas nuevas delanteras quedando operativo ;JAVIER ACUÑA
AF047UW;44;8A1D23008NL021583;28/1/2025;Se le cambio la cruzeta del Cardan ;JAVIER ACUÑA
AG315HB;94;8A1D23003RL750581;29/1/2025;Se le colocó 2 cubiertas nuevas delanteras ;JAVIER ACUÑA
AF571RW;71;8A1D23002PL269167;29/1/2025;Se le reemplazo ruleman y masa delantera lado izquierdo ;JAVIER ACUÑA
NSA764;8;8A1CB2U01EL256303;31/1/2025;Se le reemplazo la bateria ;JAVIER ACUÑA
AF333BV;60;8A1D23002PL234354;3/2/2025;Se le reemplazo los dos faros traseros ;JAVIER ACUÑA
AG315HD;95;8A1D2300XRL750576;3/2/2025;Se le cambio lámpara de alta y baja lado derecho.;JAVIER ACUÑA
AF086CU;46;8A1D2300XNL061969;3/2/2025;Se le reemplazo ruleman y masa delantera lado izquierdo;JAVIER ACUÑA
AG315HD;95;8A1D2300XRL750576;4/2/2025;Se le reemplazo las pastillas de frenos;JAVIER ACUÑA
AF571RX;70;8A1D23008PL269156;4/2/2025;Se le cambio lámparas de alta a baja de ambos lados.;JAVIER ACUÑA
AG196ZS;90;8A1D23004RL705066;10/2/2025;Se le reemplazo la batería ya que la que tenía no servía más quedando operativo a los KM 56872.;JAVIER ACUÑA
AF757AS;75;8A1D23004PL388029;10/2/2025;Se le cambio ruleman y masa delantera lado izquierdo y se le reemplazo las pastillas de frenos quedando operativo a los KM 100362.;JAVIER ACUÑA
AF086CU;46;8A1D2300XNL061969;10/2/2025;Se le cambio ruleman y masa delantera lado derecho y se reemplazo los amortiguadores delanteros quedando operativo a los KM 143369.;JAVIER ACUÑA
AG315HG;96;8A1D23007RL754391;10/2/2025;Se le cambio lámpara de alta y baja lado izquierdo.;JAVIER ACUÑA
AG196ZP;87;8A1D23009RL678592;10/2/2025;Se le agrego 1 litro y medio de aceite.;JAVIER ACUÑA
AG196ZQ;88;8A1D2300XRL705024;10/2/2025;Se le cambio lámpara de alta y baja lado derecho.;JAVIER ACUÑA
AF305MA;55;8A1D23000NL154723;10/2/2025;Se le reemplazo la junta homocinética del semieje delantero lado derecho quedando operativo a los KM 148707.;JAVIER ACUÑA
AF757AU;76;8A1D23004PL388032;11/2/2025;Se le reemplazo la batería ya que la que tenía no servía más quedando operativo a los KM 140956.;JAVIER ACUÑA
AG059DG;81;8A1D23003RL643272;11/2/2025;Se le cambio lámpara de alta y baja lado izquierdo.;JAVIER ACUÑA
AF333BT;58;8A15SRYE5PL235471;12/2/2025;Se le cambio lámparas H7 delantera de ambos lados y lámpara de stop lado derecho, Se le reemplazo la llanta de auxilio quedando operativo a los KM 77360.;JAVIER ACUÑA
AF333BS;57;8A1D23009NL192519;12/2/2025;Se le reemplazo el semieje completo lado izquierdo y se le cambio las pastillas de frenos quedando operativo a los KM 116019.;JAVIER ACUÑA
AF571RX;70;8A1D23008PL269156;13/2/2025;Se le cambio la Cruseta del Cardan quedando operativo a los KM 126831.;JAVIER ACUÑA
AF333BS;57;8A1D23009NL192519;14/2/2025;Se le reemplazo la batería ya que la que tenía no servía más quedando operativo a los KM 116128.;JAVIER ACUÑA
AG059DH;83;8A1D23000RL637820;14/2/2025;Se le colocó 2 cubiertas nuevas traseras quedando operativo a los KM 99965.;JAVIER ACUÑA
AF047UR;43;8A1D2300XNL019690;15/2/2025;Se le reemplazo ruleman y masa delantera lado derecho, Se le acomodo los Guardaplas delanteros, Se le acomodo el paragolpe delantero y se le regulo el freno de manos quedando operativo a los KM 148419.;JAVIER ACUÑA
AG059DG;81;8A1D23003RL643272;15/2/2025;Se le reemplazo el barral válidas ya que le mismo dejó de funcionar y Se le cambio el corta corriente quedando operativo a los KM 101165.;JAVIER ACUÑA
AF333BV;60;8A1D23002PL234354;15/2/2025;Se le cambio lámpara de alta y baja lado derecho.;JAVIER ACUÑA
AF571RX;70;8A1D23008PL269156;17/2/2025;Se le reemplazo ruleman y masa delantera lado izquierdo quedando operativo a los KM 127235.;JAVIER ACUÑA
AE937QP;38;8AP359A02NU160191;17/2/2025;Se procede a cambiar La batería ya que la misma no servía más y se le agrega 1 litro y medio de aceite quedando operativo a los KM 186488.;JAVIER ACUÑA
AG315HD;95;8A1D2300XRL750576;19/2/2025;Se le reemplazo la batería ya que la que tenía no servía más quedando operativo a los KM 65798.;JAVIER ACUÑA
AF481OR;66;8A15SRYE5PL288906;19/2/2025;Se le reemplazo las pastillas de frenos quedando operativo a los KM 39425.;JAVIER ACUÑA
AG366YT;97;8A1D23000RL715206;19/2/2025;Se le colocó 2 cubiertas nuevas delanteras quedando operativo a los KM 102414.;JAVIER ACUÑA
AE937QP;38;8AP359A02NU160191;19/2/2025;Se le reparo el alternador y Se le realizó cambio de filtros y aceite quedando operativo a los KM 186517.;JAVIER ACUÑA
AF857HF;78;8A1D23000PL387802;21/2/2025;Se le cambio lámparas de alta y baja de ambos lados.;JAVIER ACUÑA
AF333BU;59;8A1D23002NL225375;21/2/2025;Se le cambio lámpara de alta y baja lado derecho.;JAVIER ACUÑA
AF047UW;44;8A1D23008NL021583;21/2/2025;Se le realizó cambio de ruleman y masa delantera ambos lados, Se le cambio la homocinética delantera lado izquierdo y Se le reemplazo los amortiguadores delanteros quedando operativo a los KM 148535;JAVIER ACUÑA
AG278OX;91;8A1D23008RL750558;21/2/2025;Se le colocó 2 cubiertas nuevas traseras quedando operativo a los KM 68461.;JAVIER ACUÑA
AG315HD;95;8A1D2300XRL750576;21/2/2025;Se le cambio lámpara de alta y baja lado derecho y lámpara posición y stop lado izquierdo.;JAVIER ACUÑA
AF757AZ;77;8A1D23001PL387789;21/2/2025;Se le cambio lámpara de alta a baja lado izquierdo.;JAVIER ACUÑA
AF571RW;71;8A1D23002PL269167;24/2/2025;Se le realizó cambio de ruleman y masa delantera lado izquierdo, Se le reemplazo la mordaza de freno lado izquierdo y se le cambio las pastillas de frenos quedando operativo a los KM 158032.;JAVIER ACUÑA
AG059DH;83;8A1D23000RL637820;24/2/2025;Se le reemplazo la DVR y Se le cambio lámpara de alta y baja lado derecho quedando operativo.;JAVIER ACUÑA
AF481PH;69;8A1D23009PL269053;24/2/2025;Se le cambio lámpara de alta y baja lado derecho.;JAVIER ACUÑA
AF333BV;60;8A1D23002PL234354;25/2/2025;Se le reemplazo el GPS quedando operativo.;JAVIER ACUÑA
AG278OZ;93;8A1D2300XRL750562;25/2/2025;Se le colocó 2 cubiertas nuevas traseras quedando operativo a los KM 73231.;JAVIER ACUÑA
AF333BS;57;8A1D23009NL192519;27/2/2025;Se le reemplazo los amortiguadores delanteros y se le acomodo el paragolpe delantero quedando operativo a los KM 117356.;JAVIER ACUÑA
AE870CQ;35;93Y9SR5A3MJ771069;27/2/2025;Se le reemplazo la batería ya que la que tenía no servía más quedando operativo a los KM 76768.;JAVIER ACUÑA
AF215FN;49;8A1D23009NL137231;27/2/2025;Se le retificaron las campanas y cintas de los frenos traseros y se le agrego 2 litros de aceite quedando operativo a los KM 95551.;JAVIER ACUÑA
AF305MA;55;8A1D23000NL154723;27/2/2025;Se le colocó 2 cubiertas nuevas traseras quedando operativo a los KM 150654;JAVIER ACUÑA
AF481PH;69;8A1D23009PL269053;27/2/2025;Se le colocó 2 cubiertas nuevas traseras quedando operativo a los KM 148802;JAVIER ACUÑA
AF215FN;49;8A1D23009NL137231;28/2/2025;Se le reemplazo las escobillas limpiaparabrisas;JAVIER ACUÑA
MVE291;5;8A1CB2U01DL736928;28/2/2025;Se le agrego 1 litro y medio de aceite.;JAVIER ACUÑA
AE667QX;31;8A1D23005ML803211;28/2/2025;Se le instalo barral válizas, Se le reemplazo la batería ya que la que tenía no servía más y se le Agrego 2 litros de aceite quedando operativo a los KM 97272;JAVIER ACUÑA
AF270OW;53;8A15SRYE5NL153760;1/3/2025;Se le reemplazo la batería , Se le colocó corta corriente y Se le cambio lámpara H7 delantera lado izquierdo quedando operativo a los KM 46511.;JAVIER ACUÑA
AB027KF;18;93Y9SR5A6HJ522171;3/3/2025;Se le realizó cambio de distribución con bomba de agua y se le cambio filtros y aceite quedando operativo a los KM 179815.;JAVIER ACUÑA
AF757AZ;77;8A1D23001PL387789;3/3/2025;Se le cambio lámpara de alta y baja lado izquierdo.;JAVIER ACUÑA
AF333BV;60;8A1D23002PL234354;3/3/2025;Se le cambio los espárragos y tornillos rueda delantera derecha ya que se le habían cortado quedando operativo a los KM 137959.;JAVIER ACUÑA
AG278OZ;93;8A1D2300XRL750562;3/3/2025;Se le cambio lámpara de alta y baja lado izquierdo;JAVIER ACUÑA
AG059DJ;82;8A1D23008RL637225;3/3/2025;Se le reemplazo la batería ya que la que tenía no servía más quedando operativo a los KM 140946.;JAVIER ACUÑA
AF857HF;78;8A1D23000PL387802;3/3/2025;Se le cambio lámpara de posición y stop lado izquierdo.;JAVIER ACUÑA
AG196ZP;87;8A1D23009RL678592;3/3/2025;Se le cambio lámpara de alta y baja lado izquierdo.;JAVIER ACUÑA
AG059DG;81;8A1D23003RL643272;3/3/2025;Se le cambio lámpara de alta y baja lado derecho.;JAVIER ACUÑA
AF757AU;76;8A1D23004PL388032;3/3/2025;Se le cambio lámparas de alta y baja de ambos lados;JAVIER ACUÑA
AF481PH;69;8A1D23009PL269053;4/3/2025;Se le reparo el alternador y se le cambio lámpara de alta y baja lado izquierdo quedando operativo a los KM 149237;JAVIER ACUÑA
AF571RW;71;8A1D23002PL269167;4/3/2025;Se le cambio ruleman y masa delantera lado derecho quedando operativo a los KM 158627.;JAVIER ACUÑA
AF608ZD;74;8A1D23009PL291540;5/3/2025;Se le realizó cambio de cruseta del Cardan quedando operativo a los KM 112363.;JAVIER ACUÑA
AF333BU;59;8A1D23002NL225375;5/3/2025;Se le reparo el alternador quedando operativo a los KM 166547.;JAVIER ACUÑA
AG366YU;98;8A1D2300XRL750674;5/3/2025;Se le agrego 3 litros de aceite quedando operativo a los KM 71548.;JAVIER ACUÑA
AF333BV;60;8A1D23002PL234354;5/3/2025;Se le cambio las pastillas de frenos quedando operativo a los KM 138817.;JAVIER ACUÑA
AG278OX;91;8A1D23008RL750558;5/3/2025;Se le cambio lámpara de alta y baja lado izquierdo.;JAVIER ACUÑA
AF757AS;75;8A1D23004PL388029;8/3/2025;Se le colocó 2 cubiertas nuevas delanteras quedando operativo a los KM 107330.;JAVIER ACUÑA
AF452DA;64;8A1D23002PL242132;8/3/2025;Se le reemplazo la batería ya que la que tenía no servía más quedando operativo a los KM 70945.;JAVIER ACUÑA
AF305MA;55;8A1D23000NL154723;8/3/2025;Se le colocó 2 cubiertas nuevas delanteras a los KM 149761 dichos móviles quedaron operativo con sus cuatro cubiertas nuevas y respectivos auxilio;JAVIER ACUÑA
AF571RW;71;8A1D23002PL269167;8/3/2025;Se le realizó reparación perdida de combustible , Se le cambio la Cruseta del Cardan y Se le reemplazaron los amortiguadores delanteros quedando operativo a los KM 158757.;JAVIER ACUÑA
AF174KK;48;8A1D23001NL135408;8/3/2025;Se le colocó 2 cubiertas nuevas traseras quedando operativo a los KM 150854;JAVIER ACUÑA
AG059DH;83;8A1D23000RL637820;8/3/2025;Se le cambio lámpara de alta y baja lado derecho.;JAVIER ACUÑA
AG315HB;94;8A1D23003RL750581;10/3/2025;Se le reemplazo la batería ya que la que tenía no servía más quedando operativo a los KM 72880.;JAVIER ACUÑA
AF452DA;64;8A1D23002PL242132;10/3/2025;Se le colocó 2 cubiertas nuevas delanteras quedando operativo a los KM 71443;JAVIER ACUÑA
AG196ZP;87;8A1D23009RL678592;12/3/2025;Se le colocó 2 cubiertas nuevas delanteras quedando operativo a los KM 87431.;JAVIER ACUÑA
AG366YT;97;8A1D23000RL715206;12/3/2025;Se le colocó 2 cubiertas nuevas traseras quedando operativo a los KM 108473.;JAVIER ACUÑA
AF571RX;70;8A1D23008PL269156;12/3/2025;Se le reparo los cilindros de frenos y se le retificaron las cintas y campanas de frenos quedaron operativo a los KM 129371.;JAVIER ACUÑA
AE870CP;34;93Y9SR5A3MJ801143;12/3/2025;Se le realizó cambio de distribución completa con bomba de agua, Se le reemplazo los rodillos y correa Poly V, Se le realizó cambio de filtros y aceite quedando operativo a los KM 89528.;JAVIER ACUÑA
AG278OY;92;8A1D23009RL754392;14/3/2025;Se le cambio la batería ya que la que tenía no servía más quedando operativo a los KM 85506.;JAVIER ACUÑA
AF333BV;60;8A1D23002PL234354;14/3/2025;Se le realizó retificacion de las campanas y cintas de los frenos traseros quedando operativo a los KM 139821.;JAVIER ACUÑA
AG278OZ;93;8A1D2300XRL750562;14/3/2025;Se le reemplazo la batería ya que la que tenía no servía más quedando operativo a los KM 77903.;JAVIER ACUÑA
AF047UR;43;8A1D2300XNL019690;14/3/2025;Se le reemplazo los amortiguadores delanteros, Se le cambio los discos y pastillas de frenos quedando operativo a los KM 151056.;JAVIER ACUÑA
AF452DA;64;8A1D23002PL242132;14/3/2025;Se le cambio lámpara de alta y baja lado derecho;JAVIER ACUÑA
AF047UW;44;8A1D23008NL021583;18/3/2025;Se le colocó precap y extremo de dirección quedando operativo a los KM 151088.;JAVIER ACUÑA
AG059DJ;82;8A1D23008RL637225;18/3/2025;Se le cambio la vieleta izquierda de barra estabilizadora delantera quedando operativo a los KM 146095.;JAVIER ACUÑA
AF481PB;67;8A1D23003PL269050;18/3/2025;Se procede a colocar el Guardaplas delantero;JAVIER ACUÑA
AG126UE;86;8A1D23000RL643777;18/3/2025;Se le cambio lámpara de giro delantero lado izquierdo y lámpara de posición delantera lado izquierdo quedando ambos móviles operativo.;JAVIER ACUÑA
AF481PB;67;8A1D23003PL269050;19/3/2025;Se le reemplazo las pastillas de frenos quedando operativo a los KM 131524.;JAVIER ACUÑA
AG059DG;81;8A1D23003RL643272;19/3/2025;Se le cambio lámpara de alta y baja lado izquierdo.;JAVIER ACUÑA
AF757AS;75;8A1D23004PL388029;19/3/2025;Se le cambio lámpara de alta y baja lado izquierdo y Se le reemplazo la batería ya que la que tenía no servía más quedando operativo a los KM 109928.;JAVIER ACUÑA
AF571RW;71;8A1D23002PL269167;19/3/2025;Se le reemplazo las pastillas de frenos quedando operativo a los KM 160726.;JAVIER ACUÑA
AF333BV;60;8A1D23002PL234354;21/3/2025;Se le reemplazo la batería ya que la que tenía no servía más quedando operativo a los KM 142054;JAVIER ACUÑA
AG196ZS;90;8A1D23004RL705066;21/3/2025;Se le colocó las 4 cubiertas nuevas quedando operativo a los KM 61056.;JAVIER ACUÑA
AG059DG;81;8A1D23003RL643272;21/3/2025;Se le reemplazo la batería ya que la que tenía no servía más quedando operativo a los KM 112802.;JAVIER ACUÑA
AF857HF;78;8A1D23000PL387802;21/3/2025;Se le colocó 2 cubiertas nuevas traseras quedando operativo a los KM 149319.;JAVIER ACUÑA
AF333BU;59;8A1D23002NL225375;21/3/2025;Se le reemplazo la batería ya que la que tenía no servía más quedando operativo a los KM 167703.;JAVIER ACUÑA
AG059DJ;82;8A1D23008RL637225;21/3/2025;Se le cambio lámpara de alta y baja lado derecho y se le entrego un criquet botella ya que el que tenía no servía más quedando operativo a los KM 147220.;JAVIER ACUÑA
AF757AU;76;8A1D23004PL388032;21/3/2025;Se le reemplazo la rueda de auxilio quedando operativo a los KM 151980.;JAVIER ACUÑA
AG366YT;97;8A1D23000RL715206;21/3/2025;Se le cambio lámpara de posición y stop lado derecho y se le reemplazo la batería ya que la que tenía no servía más quedando operativo a los KM 112762.;JAVIER ACUÑA
AF421HY;63;8A1D23008NL225249;24/3/2025;Se le colocó 2 cubiertas nuevas traseras quedando operativo a los KM 117869.;JAVIER ACUÑA
AG366YU;98;8A1D2300XRL750674;24/3/2025;Se le colocó 2 cubiertas nuevas delanteras quedando operativo a los KM 74576.;JAVIER ACUÑA
AG059DJ;82;8A1D23008RL637225;25/3/2025;Se le reemplazo los amortiguadores delanteros, Se le cambio dos espárragos de rueda delantera lado izquierdo, Se le reemplazo el corta corriente y se le cambio el barral balisas ya no funcionaba quedando operativo a los KM 148105.;JAVIER ACUÑA
AF333BV;60;8A1D23002PL234354;25/3/2025;Se le reemplazo ruleman y masa delantera lado izquierdo quedando operativo a los KM 142437.;JAVIER ACUÑA
AF333BS;57;8A1D23009NL192519;26/3/2025;Se le cambio rulemanes y masa delantera de ambos lados, Se le reemplazo las pastillas de frenos, Se le cambio lámparas de posición y stop de ambos lados y Se le colocó 2 cubiertas nuevas delanteras quedando operativo a los KM 118506.;JAVIER ACUÑA
AF047UW;44;8A1D23008NL021583;27/3/2025;Se le reemplazo ruleman y masa delantera lado izquierdo quedando operativo a los KM 152105.;JAVIER ACUÑA
AF571RW;71;8A1D23002PL269167;28/3/2025;Se le realizó retificacion de campanas y cintas de los frenos traseros quedando operativo a los KM 160726.;JAVIER ACUÑA
AF757AZ;77;8A1D23001PL387789;28/3/2025;Se le colocó 2 cubiertas nuevas delanteras quedando operativo a los KM 112605.;JAVIER ACUÑA
AF047UX;45;8A1D23009NL017669;28/3/2025;Se le cambio lámpara de alta y baja lado derecho y se reemplazo la batería ya que la que tenía no servía más quedando operativo a los KM 106405.;JAVIER ACUÑA
AG366YT;97;8A1D23000RL715206;28/3/2025;Se le cambio lámpara trasera de posición y stop lado derecho.;JAVIER ACUÑA
AF215FO;50;8A1D23006NL137221;29/3/2025;Se le colocó 2 cubiertas nuevas delanteras quedando operativo a los KM 126899.;JAVIER ACUÑA
AB027KF;18;93Y9SR5A6HJ522171;29/3/2025;Se le reparo el alternador quedando operativo a los KM 181438.;JAVIER ACUÑA
AF757AS;75;8A1D23004PL388029;29/3/2025;Se le reemplazo la manija del portón trasero ya que la misma se quebró quedando operativo a los KM 112711.;JAVIER ACUÑA
AG126UB;84;8A1D23003RL643370;29/3/2025;Se le colocó 2 cubiertas nuevas delanteras, Se le reemplazo la batería y Se le cambio lámpara de alta y baja lado izquierdo quedando operativo a los KM 67989.;JAVIER ACUÑA
AF757AU;76;8A1D23004PL388032;1/4/2025;Se le colocó 2 cubiertas nuevas traseras quedando operativo a los KM 154126;JAVIER ACUÑA
AG445AI;99;8A1D23000RL746035;1/4/2025;Se le reemplazo las pastillas de frenos y se le agrego líquido hidráulico quedando operativo a los KM 81328.;JAVIER ACUÑA
AF333BV;60;8A1D23002PL234354;1/4/2025;Se le cambio lámpara de alta y baja lado derecho.;JAVIER ACUÑA
AE937QP;38;8AP359A02NU160191;1/4/2025;Se le realizó cambio de parrillas de suspensión completa, bujes y vieletas de barra estabilizadora , Se le colocó 2 cubiertas nuevas delanteras, Se le realizó cambio de filtros y aceite, Se enderezó chapon cubre carte quedando operativo a los KM 192374;JAVIER ACUÑA
AF333BT;58;8A15SRYE5PL235471;1/4/2025;Se le cambio de vidrio puerta delantera derecha;JAVIER ACUÑA
AF305MA;55;8A1D23000NL154723;1/4/2025;Se le reemplazo ruleman y masa delantera lado izquierdo y se le cambio las pastillas de frenos quedando operativo a los KM 152860.;JAVIER ACUÑA
AF452DA;64;8A1D23002PL242132;1/4/2025;Se le cambio lámpara de alta y baja lado izquierdo.;JAVIER ACUÑA
AF333BV;60;8A1D23002PL234354;2/4/2025;Se le reemplazo ruleman y masa delantera lado derecho y se le cambio lámpara de alta y baja lado izquierdo quedando operativo a los KM 144816.;JAVIER ACUÑA
AF481PB;67;8A1D23003PL269050;3/4/2025;Se le reemplazo ruleman y masa delantera, caliper de frenos lado izquierdo y se le cambio las pastillas de frenos quedando operativo a los KM 132988.;JAVIER ACUÑA
AF608ZD;74;8A1D23009PL291540;3/4/2025;Se le reemplazo el barral balisas quedando operativo a los KM 120724.;JAVIER ACUÑA
AF174KK;48;8A1D23001NL135408;4/4/2025;Se le instalo el alternador ya reparado, Se le coloco correa Poly V y Se le reemplazo la batería quedando operativo a los KM 153623.;JAVIER ACUÑA
AF757AS;75;8A1D23004PL388029;5/4/2025;Se le cambio lámpara de alta y baja lado derecho.;JAVIER ACUÑA
AG278OY;92;8A1D23009RL754392;5/4/2025;Se le colocó 2 cubiertas nuevas delanteras quedando operativo a los KM 88243.;JAVIER ACUÑA
AF333BU;59;8A1D23002NL225375;5/4/2025;Se le cambio lámpara de alta y baja lado derecho.;JAVIER ACUÑA
AG196ZQ;88;8A1D2300XRL705024;5/4/2025;Se le reemplazo la batería ya que la que tenía no servía más quedando operativo a los KM 85970.;JAVIER ACUÑA
AG315HG;96;8A1D23007RL754391;7/4/2025;Se le reemplazo la batería ya que la que tenía nos servía más quedando operativo a los KM 68697.;JAVIER ACUÑA
AF857HF;78;8A1D23000PL387802;7/4/2025;Se le cambio lámpara de alta y baja lado izquierdo y Se le reemplazo la batería ya que la que tenía no servía más quedando operativo a los KM 153769.;JAVIER ACUÑA
AF757AS;75;8A1D23004PL388029;7/4/2025;Se le cambio lámpara de alta y baja lado derecho.;JAVIER ACUÑA
AF215FN;49;8A1D23009NL137231;7/4/2025;ya reparado le reemplazaron el bulbo de aceite quedando operativo.;JAVIER ACUÑA
AG126UE;86;8A1D23000RL643777;9/4/2025;Se le reemplazo las pastillas de frenos quedando operativo a los KM 80635.;JAVIER ACUÑA
AG366YT ;97;8A1D23000RL715206;9/4/2025;Se le cambio lámpara de alta y baja lado derecho.;JAVIER ACUÑA
AG445AI;99;8A1D23000RL746035;9/4/2025;Se le cambio lámpara de giro delantero lado izquierdo.;JAVIER ACUÑA
AG126UB;84;8A1D23003RL643370;9/4/2025;se le reemplazo la rueda de auxilio quedando operativo.;JAVIER ACUÑA
AG278OX;91;8A1D23008RL750558;9/4/2025;Se le cambio lámpara de alta y baja lado izquierdo;JAVIER ACUÑA
AG012UT;79;8A1D23005PL613526;9/4/2025;Se le realizó cambio de pastillas de frenos y Se le cambio las escobillas limpiaparabrisas quedando operativo a los KM 43055.;JAVIER ACUÑA
AG012UV;80;8A1D23000PL613529;9/4/2025;Se le reemplazo las escobillas limpiaparabrisas quedando operativo a los KM 38883.;JAVIER ACUÑA
AF047UQ;42;8A1D23007NL017668;10/4/2025;Se le reemplazo ruleman y masa delantera lado derecho quedando operativo a los KM 165259.;JAVIER ACUÑA
AG278OZ;93;8A1D2300XRL750562;10/4/2025;Se le cambio lámpara de alta y baja lado derecho y Se le colocó 2 cubiertas nuevas delanteras quedando operativo a los KM 85393.;JAVIER ACUÑA
AF047UIW;44;8A1D23008NL021583;10/4/2025;Se le reparo el alternador quedando operativo a los KM 154239 el mismo ya se encuentra en dicho Servicio.;JAVIER ACUÑA
AG059DG;81;8A1D23003RL643272;10/4/2025;Se le reemplazo el criquet Se le dejó un criquet botella y se le retiró el criquet tijera que quedó trabado a los KM 119851.;JAVIER ACUÑA
AF305MA;55;8A1D23000NL154723;10/4/2025;Se le agrego 2 litros de aceite quedando operativo.;JAVIER ACUÑA
AG366YU;98;8A1D2300XRL750674;12/4/2025;se le cambio lámpara de alta y baja lado izquierdo, Se le agrego líquido hidráulico y líquido de freno.;JAVIER ACUÑA
AG059DH;83;8A1D23000RL637820;12/4/2025;Se le cambio lámpara de alta y baja lado izquierdo.;JAVIER ACUÑA
AF174KK;48;8A1D23001NL135408;12/4/2025;Se le realizó cambio de ruleman y masa delantera de ambos lados, Se le reemplazo los amortiguadores delanteros y Se le cambio mordaza de frenos lados izquierdo quedando operativo a los KM 154485.;JAVIER ACUÑA
AG278OX;91;8A1D23008RL750558;12/4/2025;Se le cambio lámpara de alta y baja lado izquierdo.;JAVIER ACUÑA
AF857HF;78;8A1D23000PL387802;12/4/2025;Se le cambio lámpara de alta y baja lado derecho.;JAVIER ACUÑA
AF452DA;64;8A1D23002PL242132;15/4/2025;Se le colocó 2 cubiertas nuevas traseras quedando operativo a los KM 78801.;JAVIER ACUÑA
AG059DG;81;8A1D23003RL643272;15/4/2025;Se le reemplazo las pastillas de frenos quedando operativo a los KM 121210.;JAVIER ACUÑA
AF757AS;75;8A1D23004PL388029;15/4/2025;Se le cambio lámpara de alta y baja lado izquierdo.;JAVIER ACUÑA
AF047UX;45;8A1D23009NL017669;15/4/2025;Se le colocó 2 cubiertas nuevas delanteras quedando operativo a los KM 108736.;JAVIER ACUÑA
AF757AS;75;8A1D23004PL388029;16/4/2025;Se le cambio lámpara de alta y baja lado izquierdo.;JAVIER ACUÑA
AF857HF;78;8A1D23000PL387802;16/4/2025;Se le reparo el alternador quedando operativo a los KM 156096.;JAVIER ACUÑA
AF305MB;56;8A1D23005NL154723;17/4/2025;Se le reemplazo la batería ya que la que tenía no servía más quedando operativo a los KM 135321.;JAVIER ACUÑA
AG315HB;94;8A1D23003RL750581;17/4/2025;Se le cambio lámparas de posición delantera de ambos lados y lámpara trasera de posición y stop;JAVIER ACUÑA
AG059DJ;82;8A1D23008RL637225;17/4/2025;Se le reemplazo el criquet botella ya que el que tenía dejó de funcionar quedando operativo a los KM 155764.;JAVIER ACUÑA
AF215FN;49;8A1D23009NL137231;18/4/2025;Se le reemplazo la batería ya que la que tenía no servía más quedando operativo a los KM 100896.;JAVIER ACUÑA
AF757AS;75;8A1D23004PL388029;18/4/2025;Se le cambio lámparas de posición y stop de ambos lados quedando operativo.;JAVIER ACUÑA
AF481PH;69;8A1D23009PL269053;18/4/2025;Se le cambio lámparas de posición delantera de ambos lados y lámpara de alta y baja lado derecho.;JAVIER ACUÑA
AF757AZ;77;8A1D23001PL387789;19/4/2025;Se le agrego 1 litro y medio de aceite quedando operativo.;JAVIER ACUÑA
AF571RW;71;8A1D23002PL269167;19/4/2025;Se le reemplazo el barral balisas ya que el que tenía no funcionaba quedando operativo a los KM 163187.;JAVIER ACUÑA
AF047UW;44;8A1D23008NL021583;19/4/2025;Se le agrego 1 litro y medio de aceite quedando operativo.;JAVIER ACUÑA
AF481PB;67;8A1D23003PL269050;19/4/2025;Se le reemplazo ruleman y masa delantera lado derecho y se le cambio el botón de encendido de barral balisas quedando operativo a los KM 134061.;JAVIER ACUÑA
AB934RE;19;8A1FC1315JL042622;19/4/2025;Se le reemplazo los amortiguadores delanteros quedando operativo a los KM 154669.;JAVIER ACUÑA
AG278OX;91;8A1D23008RL750558;20/4/2025;Se le reemplazo la batería ya que la que tenía no servía más quedando operativo a los KM 82993.;JAVIER ACUÑA
AF757AZ;77;8A1D23001PL387789;23/4/2025;Se le reparo el barral balisas y Se le reemplazo la batería ya que la que tenía no servía más quedando operativo a los KM 115182.;JAVIER ACUÑA
AE937QW;40;8A1D23001NL017603;23/4/2025;Se le reemplazo la batería ya que la que tenía no servía más quedando operativo a los KM 96361;JAVIER ACUÑA
AF215FN;49;8A1D23009NL137231;23/4/2025;Se le realizó cambio de homocinética delantera lado derecho y Se le cambio los amortiguadores delanteros quedando operativo a los KM 101077.;JAVIER ACUÑA
AB934RE;19;8A1FC1315JL042622;24/4/2025;Se le realizó cambio de filtros y aceite, Se le reemplazo las manijas levanta vidrio y Se le instalo un Stereo quedando operativo a los KM 154743.;JAVIER ACUÑA
AF757AS;75;8A1D23004PL388029;26/4/2025;Se le cambio lámpara de giro delantero lado izquierdo.;JAVIER ACUÑA
AF333BS;57;8A1D23009NL192519;26/4/2025;Se le cambio precap de dirección lado derecho y Se le reemplazo las pastillas de frenos quedando operativo a los KM 121274.;JAVIER ACUÑA
AF608ZD;74;8A1D23009PL291540;28/4/2025;Se le reemplazo la batería ya que la que tenía no servía más quedando operativo a los KM 127900.;JAVIER ACUÑA
AF757AU;76;8A1D23004PL388032;28/4/2025;Se le cambio lámpara de alta y baja lado izquierdo;JAVIER ACUÑA
AF421HY;63;8A1D23008NL225249;28/4/2025;Se le realizó reemplazo de la homocinética delantera lado izquierdo Quedando operativo a los KM 121101.;JAVIER ACUÑA
AG366YU;98;8A1D2300XRL750674;30/4/2025;Se le reemplazo las pastillas de frenos quedando operativo a los KM 80278.;JAVIER ACUÑA
AG315HD;95;8A1D2300XRL750576;30/4/2025;Se le realizó cambio de ruleman y masa delantera lado derecho y Se le reemplazo el fuelle de la homocinética del mismo lado quedando operativo a los KM 73905.;JAVIER ACUÑA
AF757AS;75;8A1D23004PL388029;30/4/2025;Se le cambio lámpara de alta y baja lado derecho.;JAVIER ACUÑA
AG366YT;97;8A1D23000RL715206;30/4/2025;Se le cambio lámparas de alta y baja de ambos lados.;JAVIER ACUÑA
AG126UB;84;8A1D23003RL643370;1/5/2025;Se le reemplazo las pastillas de frenos y Se le colocó 2 cubiertas nuevas traseras quedando operativo a los KM 80982.;JAVIER ACUÑA
AD503HV;24;8A1FC1315JL124913;1/5/2025;Se le realizó cambio del embrague completo , y cable de embrague ,Se le reemplazo las parrillas de suspensión delantera y bujes de barra estabilizadora, Se le cambio junta homocinética delantera lado izquierdo y Se le realizó cambio de filtros y aceite quedando operativo a los KM 148223.;JAVIER ACUÑA
AG315HD;95;8A1D2300XRL750674;2/5/2025;Se le cambio el flexible de frenos lado derecho quedando operativo a los KM 74347.;JAVIER ACUÑA
AF047UW;44;8A1D23008NL021583;2/5/2005;Se le reemplazo ruleman y masa delantera lado izquierdo y Se le cambio las pastillas de frenos quedando operativo a los KM 157695.;JAVIER ACUÑA
AA909VM;16;93Y9SR5A6HJ634085;3/5/2025;Se le realizó cambio de distribución con bomba de agua y Se le cambio filtros y aceite quedando operativo a los KM 115105.;JAVIER ACUÑA
AF174KK;48;8A1D23001NL135408;3/5/2025;Se le reemplazo las pastillas de frenos y se le cambio lámpara de alta y baja lado derecho quedando operativo a los KM 156123;JAVIER ACUÑA
AG059DJ;82;8A1D23008RL637225;3/5/2025;Se le cambio lámparas de alta y baja de ambos lados.;JAVIER ACUÑA
AF451DA;64;8A1D23002PL242132;6/5/2025;Se le cambio lámpara de alta y baja lado derecho.;JAVIER ACUÑA
AF857HF;78;8A1D23000PL387802;6/5/2025;Se le reemplazo las pastillas de frenos y Se le cambio lámpara de alta y baja lado derecho quedando operativo a los KM 161579.;JAVIER ACUÑA
AF215FO;50;8A1D23006NL137221;7/5/2025;Se le reemplazo las masas y ruleman delantero de ambos lados, Se le cambio los amortiguadores delanteros y Se le reemplazo las pastillas de frenos quedando operativo a los KM 132858.;JAVIER ACUÑA
AF047UW;44;8A1D23008NL021583;7/5/2025;Se le realizó cambio de masa y ruleman delantero lado derecho quedando operativo a los KM 157824.;JAVIER ACUÑA
AG315HB;94;8A1D23003RL750581;7/5/2025;Se le cambio lámpara de alta y baja lado derecho.;JAVIER ACUÑA
AF481PB;67;8A1D23003PL269050;9/5/2025;Se le reemplazo ruleman y masa delantera lado izquierdo, Se le cambio los amortiguadores delanteros, Se le cambio las pastillas de frenos y Se le colocó 2 cubiertas nuevas traseras quedando operativo a los KM 132632.;JAVIER ACUÑA
AG059DJ;82;8A1D23008RL637225;9/5/2025;Se le cambio lámpara de alta y baja lado derecho.;JAVIER ACUÑA
AF757AS;75;8A1D23004PL388029;9/5/2025;Se le reemplazo el alternador quedando operativo a los KM 122200.;JAVIER ACUÑA
AF047UX;45;8A1D23009NL017669;9/5/2025;Se le reemplazo el alternador y Se le colocó 2 cubiertas nuevas traseras quedando operativo a los KM 114779.;JAVIER ACUÑA
AF215FO;50;8A1D23006NL137221;12/5/2025;Se le reemplazo el alternador y Se le colocó 2 cubiertas nuevas traseras quedando operativo a los KM 133159.;JAVIER ACUÑA
AF608ZD;74;8A1D23009PL291540;12/5/2025;Se le cambio ruleman y masa delantera lado izquierdo quedando operativo a los KM 131822.;JAVIER ACUÑA
AG278OZ;93;8A1D2300XRL750562;12/5/2025;Se le cambio lámparas de alta y baja de ambos lados.;JAVIER ACUÑA
AG445AI;99;8A1D23000RL746035;12/5/2025;Se le colocó las 4 cubiertas nuevas quedando operativo a los KM 94538.;JAVIER ACUÑA
AF857HF;78;8A1D23000PL387802;12/5/2025;Se le cambio lámpara de giro delantero lado izquierdo.;JAVIER ACUÑA
AG315HD;95;8A1D2300XRL750576;12/5/2025;Se le reemplazo la batería ya que la que tenía no servía más quedando operativo a los KM 77187.;JAVIER ACUÑA
AF421HY;63;8A1D23008NL225249;12/5/2025;Se le cambio lámpara de alta y baja lado izquierdo quedando operativo.;JAVIER ACUÑA
AE937QP;38;8AP359A02NU160191;12/5/2025;Se le colocó 2 cubiertas nuevas traseras quedando operativo a los KM 197860.;JAVIER ACUÑA
AG366YU;98;8A1D2300XRL750674;12/5/2025;Se le realizó cambio de parrillas suspensión inferior y superior , Se le cambio el porta masa , Se le reemplazo el ruleman y masa delantera,;JAVIER ACUÑA
AG366YU;98;8A1D2300XRL750674;12/5/2025;Se le cambio el precap y extremo de dirección , se le reemplazo la vieleta barra estabilizadora, Se le reemplazo la cubierta y llanta delantera todo del lado delantero lado izquierdo y Se le colocó 2 cubiertas nuevas traseras quedando operativo a los KM 81073.;JAVIER ACUÑA
AG059DG;81;8A1D23003RL643272;12/5/2025;Se le cambio lámpara de alta y baja lado derecho.;JAVIER ACUÑA
AF047UX;45;8A1D23009NL017669;12/5/2025;Se le reemplazo el GPS y Se le agrego 1 litro de aceite quedando operativo.;JAVIER ACUÑA
AG315HB;94;8A1D23003RL750581;12/5/2025;Se le colocó 2 cubiertas nuevas traseras quedando operativo a los KM 95713.;JAVIER ACUÑA
AG196ZR;89;8A1D23004RL705035;13/5/2025;Se le reemplazo la óptica trasera lado izquierdo. Quedando operativo a los KM 72975.;JAVIER ACUÑA
AF452DA;64;8A1D23002PL242132;13/5/2025;Se le cambio lámpara de alta y baja lado izquierdo.;JAVIER ACUÑA
AF215FN;49;8A1D23009NL137231;13/5/2025;Se le cambio lámpara de giro delantero lado izquierdo.;JAVIER ACUÑA
AF571RX;70;8A1D23008PL269156;15/5/2025;Se le realizó cambio de masa y ruleman delantero lado derecho, Se le reemplazo los amortiguadores delanteros , Se le cambio las pastillas de frenos y Se le cambio lámparas de posición delantera de ambos lados quedando operativo a los KM 130319.;JAVIER ACUÑA
AF757AS;75;8A1D23004PL388029;16/5/2025;Se le cambio lámpara de giro delantero lado izquierdo.;JAVIER ACUÑA
AG059DH;83;8A1D23000RL637820;16/5/2025;Se le cambio lámpara de alta y baja lado izquierdo.;JAVIER ACUÑA
AG196ZQ;88;8A1D2300XRL705024;16/5/2025;Se le cambio lámpara de alta y baja lado izquierdo.;JAVIER ACUÑA
MVE291;5;8A1CB2U01DL736928;19/5/2025;Se le reemplazo el alternador quedando operativo a los KM 204213.;JAVIER ACUÑA
AF481PH;69;8A1D23009PL269053;19/5/2025;Se le agrego 2 litros y medio de aceite.;JAVIER ACUÑA
AG126UE;86;8A1D23000RL643777;19/5/2025;Se le reemplazo la batería ya que la que tenía no servía más quedando operativo a los KM 86469.;JAVIER ACUÑA
AF3333BV;60;8A1D23002PL234354;19/5/2025;Se le realizó cambio de masa y ruleman delantero de ambos lados, Se le reemplazo los amortiguadores delanteros y Se le cambio las pastillas de frenos quedando operativo a los KM 152900.;JAVIER ACUÑA
AF452DA;64;8A1D23002PL242132;19/5/2025;Se le cambio lámpara de alta y baja lado izquierdo.;JAVIER ACUÑA
AF174KK;48;8A1D23001NL135408;19/5/2025;Se le realizó cambio de masa y ruleman delantero de ambos lados y Se le reemplazo las pastillas de frenos quedando operativo a los KM 157569.;JAVIER ACUÑA
AF757AS;75;8A1D23004PL388029;19/5/2025;Se le colocó 2 cubiertas nuevas traseras quedando operativo a los KM 124520.;JAVIER ACUÑA
AF047UW;44;8A1D23008NL021583;20/5/2025;Se le realizó retificacion de los frenos traseros y Se le colocó el alternador ya reparado quedando operativo a los KM 157932.;JAVIER ACUÑA
AG315HD;95;8A1D2300XRL750576;21/5/2025;Se le reemplazo ruleman y masa delantera lado izquierdo y Se le cambio las pastillas de frenos quedando operativo a los KM 78531.;JAVIER ACUÑA
AF608ZD;74;8A1D23009PL291540;21/5/2025;Se le cambio ruleman y masa delantera lado derecho y Se le reemplazo las pastillas de frenos quedando operativo a los KM 133263.;JAVIER ACUÑA
AF757AZ;77;8A1D23001PL387789;21/5/2025;Se le reparo el alternador cambiando el regulador de voltaje y Se le cambio las pastillas de frenos quedando operativo a los KM 117891.;JAVIER ACUÑA
AF421HY;63;8A1D23008NL225249;21/5/2025;Se le reemplazo ruleman y masa delantera lado derecho y se le cambio las pastillas de frenos quedando operativo a los KM 123296.el mismo  ya se encuentra en dicho servicio.;JAVIER ACUÑA
AF215FO;50;8A1D23006NL137221;21/5/2025;Se le cambio el borne positivo y Se le reemplazo la batería ya que la que tenía no servía más quedando operativo a los KM 133533.;JAVIER ACUÑA
AG059DG;81;8A1D23003RL643272;21/5/2025;Se le cambio lámpara de alta y baja lado izquierdo.;JAVIER ACUÑA
AF571RW;71;8A1D23002PL269167;24/5/2025;Se le reemplazo ruleman y masa delantera lado derecho y Se le cambio semieje delantero completo lado izquierdo Se le reemplazo la butaca delantera lado izquierdo ya que la misma no corría quedando operativo a los KM 168287.;JAVIER ACUÑA
AB934RE;19;8A1FC1315JL042622;24/5/2025;Se le reparo el alternador reemplazando el regulador de voltaje quedando operativo a los KM 155839.;JAVIER ACUÑA
AF857HF;78;8A1D23000PL387802;24/5/2025;Se le cambio lámpara de alta y baja lado izquierdo.;JAVIER ACUÑA
AG196ZQ;88;8A1D2300XRL705024;24/5/2025;Se le cambio lámpara de alta y baja lado derecho.;JAVIER ACUÑA
AG315HD;95;8A1D2300XRL750576;24/5/2025;Se le cambio lámpara de alta y baja lado derecho.;JAVIER ACUÑA
AG196ZQ;88;8A1D2300XRL705024;24/5/2025;Se le colocó 2 cubiertas nuevas traseras quedando operativo a los KM 93612.;JAVIER ACUÑA
AF481PB;67;8A1D23003PL269050;26/5/2025;Se le reemplazo el alternador ya que el que tenía no estaba cargando quedando operativo a los KM 138535.;JAVIER ACUÑA
AG278OX;91;8A1D23008RL750558;26/5/2025;Se le reemplazo el semieje completo delantero lado izquierdo, Se le cambio faro trasero lado derecho , Se le cambio lámparas de posición delantera de ambos lados y Se le reparo botón barral balisas quedando operativo a los KM 90975.;JAVIER ACUÑA
AF174KK;48;8A1D23001NL135408;26/5/2025;Se le realizó cambio de parrilla suspensión delantera inferior lado izquierdo quedando operativo a los KM 158005;JAVIER ACUÑA
AG3666YU;98;8A1D2300XRL750674;27/5/2025;Se le cambio lámpara de alta y baja de ambos lados y Se le hace entrega de 1 matafuegos con vencimiento 05/2026 a los KM 83121.;JAVIER ACUÑA
AG445AI;100;8A1D23007RL768484;27/5/2025;Se le cambio lámpara de alta y baja lado derecho.;JAVIER ACUÑA
AF333BV;60;8A1D23002PL234354;27/5/2025;Se le colocó 4 cubiertas nuevas quedando operativo a los KM 153001.;JAVIER ACUÑA
AG126UE;86;8A1D23000RL643777;27/5/2025;Se le reemplazo ruleman y masa delantera lado izquierdo quedando operativo a los KM 88007;JAVIER ACUÑA
AG315HB;94;8A1D23003RL750581;27/5/2025;Se le reemplazo las pastillas de frenos y Se le cambio lámpara de posición y stop lado izquierdo quedando operativo a los KM 100724.;JAVIER ACUÑA
AF571RX;70;8A1D23008PL269156;29/5/2025;Se encuentra en el servicio La Providencia Se le realizó cambio de ruleman y masa delantera lado izquierdo y Se le reemplazo las pastillas de frenos quedando operativo a los KM 131730.;JAVIER ACUÑA
AF215FN;49;8A1D23009NL137231;29/5/2025;Se le cambio lámpara de alta y baja lado izquierdo.;JAVIER ACUÑA
AF857HF;78;8A1D23000PL387802;29/5/2025;Se le reemplazo los amortiguadores delanteros quedando operativo a los KM 167995.;JAVIER ACUÑA
AF305MB;56;8A1D23005NL154723;31/5/2025;Se le reparo barral balisas y Se le agrego 2 litros de aceite quedando operativo.;JAVIER ACUÑA
AE870CP;34;93Y9SR5A3MJ801143;31/5/2025;Se le reemplazo la batería ya que la que tenía no servía más quedando operativo a los KM 92929.;JAVIER ACUÑA
AF215FO;50;8A1D23006NL137221;31/5/2025;Se le reemplazo ruleman y masa delantera lado izquierdo , Se le cambio las pastillas de frenos,  Se le reparo luces de posición trasera y Se le reemplazo la batería ya que la que tenía no servía más quedando operativo a los KM 135515.;JAVIER ACUÑA
AF215FN;49;8A1D23009NL137231;31/5/2025;Se le reemplazo el DVR y Se le acomodo la cámara quedando operativo.;JAVIER ACUÑA
MVE291;5;8A1CB2U01DL736928;31/5/2025;Se le realizó reemplazo ruleman de rueda delantera lado izquierdo y Se reparo comando de luces quedando operativo a los KM 205449.;JAVIER ACUÑA
AC515JH;21;8A1FC1315JL121988;2/6/2025;Se le realizó cambio de filtros y aceite a los KM 159975.;JAVIER ACUÑA
AF174KK;48;8A1D23001NL135408;2/6/2025;Se le reemplazo el regulador de voltaje quedando operativo a los KM 158106.;JAVIER ACUÑA
AF047UW;44;8A1D23008NL021583;3/6/2025;Se le realizó cambio de parrillas inferior y superior de suspensión y porta masa  delantera lado izquierdo quedando operativo a los KM 158095.;JAVIER ACUÑA
AF421HL;62;8A15SRYE5PL270935;3/6/2025;Se le colocó 4 cubiertas nuevas quedando operativo a los KM 78007.;JAVIER ACUÑA
AG366YT;97;8A1D23000RL715206;3/6/2025;Se le cambio lámpara de alta y baja de ambos lados.;JAVIER ACUÑA
AG315HB;94;8A1D23003RL750581;3/6/2025;Se le cambio lámpara de alta y baja lado izquierdo.;JAVIER ACUÑA
AG126UE;86;8A1D23000RL643777;3/6/2025;Se le cambio lámparas de alta y baja de ambos lados ;JAVIER ACUÑA
AE937QP;38;8AP359A02NU160191;4/6/2025;Se le cambio lámpara H7 lado derecho , Se deja de back up 3 litros de aceite.;JAVIER ACUÑA
AG278OZ;93;8A1D2300XRL750562;4/6/2025;Se le cambio lámpara de alta y baja lado derecho.;JAVIER ACUÑA
AG059DH;83;8A1D23000RL637820;4/6/2025;Se le cambio lámpara de alta y baja lado izquierdo;JAVIER ACUÑA
AF571RX;70;8A1D23008PL269156;5/6/2025;Se le realizó retificacion de campanas y cintas  frenos traseros quedando operativo a los KM 132355.;JAVIER ACUÑA
AE937QP;38;8AP359A02NU160191;5/6/2025;Se le reemplazo la batería ya que la que tenía no servía más quedando operativo a los KM 201405;JAVIER ACUÑA
AF047UQ;42;8A1D23007NL017668;5/6/2025;Se le agrego 3 litros de aceite quedando operativo ;JAVIER ACUÑA
MVE291;5;8A1CB2U01DL736928;5/6/2025;Se le realizó cambio de filtros y aceite quedando operativo a los KM 205966.;JAVIER ACUÑA
AF421HY;63;8A1D23008NL225249;5/6/2025;Se le reemplazo la bomba de dirección hidráulica quedando operativo a los KM 124791.;JAVIER ACUÑA
AG059DG;81;8A1D23003RL643272;7/6/2025;Se le reparo barral balisas y Se le cambio lámpara de alta y baja lado izquierdo quedando operativo a los KM 139919.;JAVIER ACUÑA
AG445AI;100;8A1D23007RL768484;7/6/2025;Se le cambio lámpara de alta y baja lado izquierdo.;JAVIER ACUÑA
AG278OZ;93;8A1D2300XRL750562;7/6/2025;Se le reemplazo las pastillas de frenos, se le reparo el encendedor para la carga del celular ya que no funcionaba y Se le cambio lámpara trasera de posición y stop lado izquierdo quedando operativo a los KM 100186.;JAVIER ACUÑA
AF452DA;64;8A1D23002PL242132;7/6/2025;Se le cambio lámpara de alta y baja, Lámpara trasera de posición y stop ambas lámpara lado derecho.;JAVIER ACUÑA
AC515JH;21;8A1FC1315JL121988;7/6/2025;Se le reemplazo los rodillos y correa Poly V , Se le cambio la batería ya que la que tenía no servía más quedando operativo a los KM 160294.;JAVIER ACUÑA
AG059DH;83;8A1D23000RL637820;7/6/2025;Se le reemplazo el criquet Se le entregó un criquet botella ya que el que tenía no servía más.;JAVIER ACUÑA
AG315HD;95;8A1D2300XRL750576;9/6/2025;Se le reemplazo homocinética y ruleman y masa delantera lado derecho quedando operativo a los KM 83177.;JAVIER ACUÑA
AG366YU;98;8A1D2300XRL750674;9/6/2025;Se le reemplazo la batería ya que la que tenía no servía más quedando operativo a los KM 84584.;JAVIER ACUÑA
AF215FN;49;8A1D23009NL137231;9/6/2025;Se le cambio lámpara de alta y baja lado derecho.;JAVIER ACUÑA
AF571RX;70;8A1D23008PL269156;9/6/2025;Se le cambio las pastillas de frenos quedando operativo a los KM 132604.;JAVIER ACUÑA
AF333BV;60;8A1D23002PL234354;10/6/2025;Se le retificaron campanas y cintas frenos traseros quedando operativo a los KM 158533.;JAVIER ACUÑA
AA909VN;15;93Y9SR5A6HJ632965;10/6/2025;Se le reemplazo el comando de luces y se le activo las cámaras y DVR quedando operativo a los KM 83882.;JAVIER ACUÑA
AF047UW;44;8A1D23008NL021583;10/6/2025;Se le reemplazo ruleman y masa delantera lado izquierdo y Se le cambio las pastillas de frenos quedando operativo a los KM 158762.;JAVIER ACUÑA
AF757AU;76;8A1D23004PL388032;12/6/2025;Se le reemplazo la batería ya que la que tenía no servía más quedando operativo a los KM173481.;JAVIER ACUÑA
AA909VM;16;93Y9SR5A6HJ634085;12/6/2025;Se le colocó 2 cubiertas nuevas delanteras y Se le cambio la batería ya que la que tenía no servía más quedando operativo a los KM 116588.;JAVIER ACUÑA
AE937QP;38;8AP359A02NU160191;12/6/2025;Se le reemplazo tensor y correa Poly V, Se le realizó cambio de filtros y aceite, Se le colocó 2 cubiertas traseras quedando operativo a los KM 202225.;JAVIER ACUÑA
AF421HL;62;8A15SRYE5PL270935;12/6/2025;Se le realizó alineación y balanceo quedando operativo a los KM 78702.;JAVIER ACUÑA
AE870CQ;35;93Y9SR5A3MJ771069;13/6/2025;Se le reemplazo el radiador de agua quedando operativo a los KM 78694.;JAVIER ACUÑA
AF215FO;50;8A1D23006NL137221;16/6/2025;Se le cambio ruleman y masa delantera lado derecho quedando operativo a los KM 136896.;JAVIER ACUÑA
AG445AJ;100;8A1D23007RL768484;16/6/2025;Se le colocó las 4 cubiertas nuevas y Se le cambio lámpara de alta y baja lado derecho quedando operativo a los KM 40700.;JAVIER ACUÑA
AF305MA;55;8A1D23000NL154723;16/6/2025;Se le agrego 4 litros de aceite quedando operativo a los KM 163057.;JAVIER ACUÑA
AF757AZ;77;8A1D23001PL387789;16/6/2025;Se le reemplazo ruleman y masa delantera lado derecho quedando operativo a los KM 120480.;JAVIER ACUÑA
AG059DJ;82;8A1D23008RL637225;16/6/2025;Se le cambio flexible de frenos delantero lado derecho quedando operativo a los KM 170906.;JAVIER ACUÑA
AG366YT;97;8A1D23000RL715206;16/6/2025;Se le cambio lámpara de alta y baja lado derecho.;JAVIER ACUÑA
AF571RW;71;8A1D23002PL269167;16/6/2025;Se le reemplazo ruleman y masa delantera lado izquierdo, Se le cambio las pastillas de frenos y Se regulo el freno de mano quedando operativo a los KM 170810.;JAVIER ACUÑA
AF757AU;76;8A1D23004PL388032;16/6/2025;Se le cambio lámpara de alta y baja lado izquierdo y Se le cambio lámpara de posición y stop trasero lado derecho quedando operativo.;JAVIER ACUÑA
AF571RX;70;8A1D23008PL269156;16/6/2025;Se le reemplazo ruleman y masa delantera lado derecho quedando operativo a los KM 133392 , y Se deja de bakap 3 litros de aceite, 2 lámparas H4 y 2 lámparas H7 .;JAVIER ACUÑA
AF421HY;63;8A1D23008NL225249;16/6/2025;Se le cambio la batería ya que la que tenía no servía más quedando operativo a los KM 125162.;JAVIER ACUÑA
AG012UV;80;8A1D23000PL613529;16/6/2025;Se le cambio lámpara de alta y baja lado derecho.;JAVIER ACUÑA
AC515JH;21;8A1FC1315JL121988;17/6/2025;Se le reemplazo las 4 bujías quedando operativo a los KM 161190.;JAVIER ACUÑA
AF481PG;68;8A1D23009PL242158;18/6/2025;Se le colocó barral balisas y Se le instalo DVR y cámaras quedando operativo a los KM 78639.;JAVIER ACUÑA
AG059DH;83;8A1D23000RL637820;20/6/2025;Se le reemplazo las pastillas de frenos quedando operativo a los KM 121054.;JAVIER ACUÑA
NXI181;10;8A1CB2U01EL282207;20/6/2025;Se le reemplazo el electroventilador, Se le cambio el termostato y Se le colocó una batería quedando operativo a los KM 198891, dicho móvil Se utilizará para el traslado de perforación.;JAVIER ACUÑA
AF857HF;78;8A1D23000PL387802;20/6/2025;Se le cambio lámpara de alta y baja lado izquierdo.;JAVIER ACUÑA
AF571RW;71;8A1D23002PL269167;20/6/2025;Se le reemplazo la DVR quedando operativo las cámaras.;JAVIER ACUÑA
AF421HL;62;8A15SRYE5PL270935;20/6/2025;Se le reemplazo la batería ya que la que tenía no servía más quedando operativo a los KM 79271.;JAVIER ACUÑA
AF421HY;63;8A1D23008NL225249;20/6/2025;Se le cambio lámpara de alta y baja lado izquierdo y Se le reemplazo la batería ya que la que tenía no servía más quedando operativo a los KM 126070;JAVIER ACUÑA
AG445AJ;100;8A1D23007RL768484;20/6/2025;Se le cambio lámpara de alta y baja lado derecho.;JAVIER ACUÑA
AF757AU;76;8A1D23004PL388032;20/6/2025;Se le cambio lámpara de alta y baja lado izquierdo y Se le reparo el alternador quedando operativo a los KM 175973.;JAVIER ACUÑA
AF305MB;56;8A1D23005NL154723;23/6/2025;Se le reparo el alternador quedando operativo a los KM 136155.;JAVIER ACUÑA
AF044UW;44;8A1D23008NL021583;23/6/2025;Se le reemplazo ruleman y masa delantera lado derecho quedando operativo a los KM 159191;JAVIER ACUÑA
AG315HD;95;8A1D2300XRL750576;23/6/2025;Se le cambio ruleman y masa delantera lado izquierdo quedando operativo a los KM 86406.;JAVIER ACUÑA
AF047UQ;42;8A1D23007NL017668;23/6/2025;Se le realizó cambio de ruleman y masa delantera lado derecho, Se le retificaron campanas y cintas con cilindros de frenos traseros y se le reemplazo las pastillas de frenos quedando operativo a los KM 170642.;JAVIER ACUÑA
AF215FN;49;8A1D23009NL137231;23/6/2025;Se le cambio lámpara de alta y baja lado izquierdo.;JAVIER ACUÑA
AF421HY;63;8A1D23008NL225249;23/6/2025;Se le reemplazo ruleman y masa delantera lado derecho y Se le cambio lámpara de alta y baja lado derecho quedando operativo a los KM 126344;JAVIER ACUÑA
AF571RW;71;8A1D23002PL269167;23/6/2025;Se le reparo el alternador y Se le cambio la batería ya que la que tenía no servía más quedando operativo a los KM 171577. Dichos móviles Se encuentra en el servicio Sitio 123 Fiorito;JAVIER ACUÑA
AG059DG;81;8A1D23003RL643272;23/6/2025;Se le cambio lámpara de alta y baja lado derecho.;JAVIER ACUÑA
AF757AS;75;8A1D23004PL388029;23/6/2025;Se le retificaron campanas y cintas y Se le cambio los cilindros de frenos traseros quedando operativo a los KM 131624.;JAVIER ACUÑA
AG278OZ;93;8A1D2300XRL750562;23/6/2025;Se le cambio lámpara de alta y baja lado derecho.;JAVIER ACUÑA
AG315HB;94;8A1D23003RL750581;23/6/2025;Se le cambio lámpara de alta y baja lado izquierdo.;JAVIER ACUÑA
AF047UW;44;8A1D23008NL021583;25/6/2025;Se le reemplazo las 2 crusetas del Cardan 4x4 quedando operativo a los KM 159527.;JAVIER ACUÑA
AF421HY;63;8A1D23008NL225249;25/6/2025;Se le cambio fuelle caja dirección Quedando operativo a los KM 126600.;JAVIER ACUÑA
AG315HD;95;8A1D2300XRL750576;25/6/2025;Se le cambio lámpara de alta y baja lado derecho.;JAVIER ACUÑA
AF757AS;75;8A1D23004PL388029;25/6/2025;Se le agrego 2 litros de aceite, Se le cambio lámpara de alta y baja lado derecho y Se le regularon los frenos quedando operativo a los KM 131944.;JAVIER ACUÑA
AF481PB;67;8A1D23003PL269050;25/6/2025;Se le retificaron campanas y cintas, Se le cambio los cilindros de frenos traseros , Se le reemplazo ruleman y masa delantera de ambos lados y Se le cambio las pastillas de frenos quedando operativo a los KM 141042.;JAVIER ACUÑA
AF174KK;48;8A1D23001NL135408;25/6/2025;Se le reemplazo ruleman y masa delantera lado derecho quedando operativo a los KM 163212.;JAVIER ACUÑA
AG126UE;86;8A1D23000RL643777;27/6/2025;Se le reemplazo ruleman y masa delantera lado derecho y Se le regulo frenos de mano quedando operativo a los KM 92386.;JAVIER ACUÑA
AF571RX;70;8A1D23008PL269156;27/6/2025;Se le realizó cambio de ruleman y masa delantera lado izquierdo y Se le reemplazo las pastillas de frenos quedando operativo a los KM 134478.;JAVIER ACUÑA
AE870CP;34;93Y9SR5A3MJ801143;28/6/2025;Se le reemplazo el contactor de la llave , Se le cambio las 4 bujías y Se le realizó limpieza cuerpo aceleración quedando operativo a los KM 94366.;JAVIER ACUÑA
AF857HF;78;8A1D23000PL387802;28/6/2025;Se le entregó un criquet botella ya que el que tenía no servía más a los KM 176128.;JAVIER ACUÑA
AF452DA;64;8A1D23002PL242132;28/6/2025;Se le cambio lámpara de alta y baja lado izquierdo.;JAVIER ACUÑA
AG126ZP;87;8A1D23009RL678592;28/6/2025;Se le reemplazo las pastillas de frenos quedando operativo a los KM 94419.;JAVIER ACUÑA
AG455AI;99;8A1D23000RL746035;28/6/2025;Se le cambio lámpara de alta y baja lado izquierdo y Se le cambio lámpara de giro delantero lado izquierdo.;JAVIER ACUÑA
AG059DJ;82;8A1D23008RL637225;28/6/2025;Se le cambio lámpara de alta y baja lado derecho.;JAVIER ACUÑA
AG278OZ;91;8A1D23008RL750558;28/6/2025;Se le agrego 1 litro y medio de aceite.;JAVIER ACUÑA
AA909VM;16;93Y9SR5A6HJ634085;28/6/2025;Se le cambio las vieleta y bujes de barra estabilizadora quedando operativo a los KM 117289.;JAVIER ACUÑA
AG315HB;94;8A1D23003RL750581;28/6/2025;Se le cambio lámpara de alta y baja lado derecho.;JAVIER ACUÑA
AC515JH;21;8A1FC1315JL121988;28/6/2025;Se le reemplazo las 4 bobinas de encendido quedando operativo a los KM 162191.;JAVIER ACUÑA
AF215FO;50;8A1D23006NL137221;28/6/2025;Se le cambio lámpara de alta y baja lado izquierdo.;JAVIER ACUÑA
AG059DH;83;8A1D23000RL637820;28/6/2025;Se le cambio lámpara de alta y baja lado derecho.;JAVIER ACUÑA
AG315HD;95;8A1D2300XRL750576;2/7/2025;Se le realizó retificacion de campanas y cintas frenos traseros quedando operativo a los KM 89592.;JAVIER ACUÑA
AG445AJ;100;8A1D23007RL768484;2/7/2025;Se le cambio lámpara de alta y baja lado izquierdo.;JAVIER ACUÑA
AG059DJ;82;8A1D23008RL637225;2/7/2025;Se le cambio lámpara de alta y baja lado derecho.;JAVIER ACUÑA
AF857HF;78;8A1D23000PL387802;2/7/2025;Se le cambio lámpara de alta y baja lado derecho.;JAVIER ACUÑA
AF047UW;44;8A1D23008NL021583;3/7/2025;Se le reemplazo semieje completo delantero lado derecho y Se le cambio las pastillas de frenos quedando operativo a los KM 160141.;JAVIER ACUÑA
AA909VN;15;93Y9SR5A6HJ632965;3/7/2025;Se le reemplazo la rampa de inyección de combustible quedando operativo a los KM 85990.;JAVIER ACUÑA
AF757AU;76;8A1D23004PL388032;3/7/2025;Se le cambio lámpara de alta y baja lado derecho.;JAVIER ACUÑA
AG278OZ;93;8A1D2300XRL750562;5/7/2025;Se le entregó un criquet botella ya que el que tenía no servía más quedando operativo a los KM 108044.;JAVIER ACUÑA
AF270OX;54;8A15SRYE5NL153755;5/7/2025;Se le reemplazo el corta corriente quedando operativo a los KM 63578.;JAVIER ACUÑA
AF757AS;75;8A1D23004PL388029;5/7/2025;Se le cambio lámpara de alta y baja lado izquierdo;JAVIER ACUÑA
AG315HB;94;8A1D23003RL750581;5/7/2025;Se le cambio lámpara de alta y baja lado derecho.;JAVIER ACUÑA
AG705QQ;103;8A1D23001RL768484;5/7/2025;Se le instalo barral balisas, Se le colocó calcos en puertas y capot y Se le instalo cámaras y DVR quedando operativo.;JAVIER ACUÑA
AF571RX;70;8A1D23008PL269156;5/7/2025;Se le reemplazo la batería ya que la que tenía no servía más quedando operativo a los KM 134735.;JAVIER ACUÑA
AF174KK;48;8A1D23001NL135408;5/7/2025;Se le reemplazo ruleman y masa delantera lado izquierdo quedando operativo a los KM 164114.;JAVIER ACUÑA
AF571RX;70;8A1D23008PL269156;5/7/2025;Se le reemplazo regulador voltaje del alternador quedando operativo a los KM 134979.;JAVIER ACUÑA
AF481PH;69;8A1D23009PL269053;5/7/2025;Se cambió homocinética delantera lado derecho , Se le reemplazo las pastillas de frenos y Se le cambio vieleta barra estabilizadora lado izquierdo quedando operativo a los KM 159881.;JAVIER ACUÑA
AF452DA;64;8A1D23002PL242132;8/7/2025;Se le cambio lámpara de alta y baja lado derecho.;JAVIER ACUÑA
AG445AI;99;8A1D23000RL746035;10/7/2025;Se le reemplazo la batería ya que la que tenía no servía más quedando operativo a los KM 113934.;JAVIER ACUÑA
AF571RW;71;8A1D23002PL269167;10/7/2025;Se le cambio ruleman y masa delantera lado izquierdo quedando operativo a los KM 173352.;JAVIER ACUÑA
AG059DG;81;8A1D23003RL643272;11/7/2025;Se le reemplazo barral balisas quedando operativo ;JAVIER ACUÑA
AF333BV;60;8A1D23002PL234354;12/7/2025;Se le retificaron campanas y cintas frenos traseros quedando operativo a los KM 178653.;JAVIER ACUÑA
AG126UB;84;8A1D23003RL643370;12/7/2025;Se le colocó calcos en capot y Se le instalo barral balisas quedando operativo a los KM 90998.;JAVIER ACUÑA
MVE291;5;8A1CB2U01DL736928;14/7/2025;Se le reemplazo tambor de llave puerta izquierda quedando operativo a los KM 208930.;JAVIER ACUÑA
AG445AJ;100;8A1D23007RL768484;14/7/2025;Se le cambio las pastillas de frenos quedando operativo a los KM 50094.;JAVIER ACUÑA
AF047UW;44;8A1D23008NL021583;14/7/2025;Se le reemplazo ruleman y masa delantera lado izquierdo y Se le cambio extremo de dirección lado izquierdo quedando operativo a los KM 161417.;JAVIER ACUÑA
AF452DA;64;8A1D23002PL242132;16/7/2025;Se le cambio lámpara de alta y baja lado derecho.;JAVIER ACUÑA
AG059DH;83;8A1D23000RL637820;16/7/2025;Se le cambio lámpara de posición y stop lado izquierdo.;JAVIER ACUÑA
AG315HD;95;8A1D2300XRL750576;16/7/2025;Se le reemplazo ruleman y masa delantera lado derecho quedando operativo a los KM 93402.;JAVIER ACUÑA
NSA764;8;8A1CB2U01EL256303;17/7/2025;Se le reemplazo el termostato y se le colocó la correa del aire acondicionado quedando operativo a los KM 202680.;JAVIER ACUÑA
AF215FO;50;8A1D23006NL137221;17/7/2025;Se le cambio ruleman y masa delantera lado izquierdo quedando operativo a los KM 141758.;JAVIER ACUÑA
AG315HD;95;8A1D2300XRL750576;17/7/2025;Se le reemplazo semieje completo delantero lado izquierdo y se le cambio ruleman y masa delantera lado izquierdo quedando operativo a los KM 93710.;JAVIER ACUÑA
AF047UQ;42;8A1D23007NL017668;19/7/2025;Se le reemplazo ruleman y masa delantera lado derecho quedando operativo a los KM 175530.;JAVIER ACUÑA
AG315HD;95;8A1D2300XRL750576;19/7/2025;Se le reparo levanta vidrio puerta delantera lado derecho quedando operativo a los KM117874.;JAVIER ACUÑA
AF333BU;59;8A1D23002NL225375;19/7/2025;Se le reemplazo homocinética delantera lado izquierdo, Se le cambio ruleman y masa delantera lado izquierdo y Se le remplazo mordaza de frenos quedando operativo a los KM 172533.;JAVIER ACUÑA
AG196ZQ;88;8A1D2300XRL705024;19/7/2025;Se le reparo la perdida de refrigerante quedando operativo a los KM 102014.;JAVIER ACUÑA
AG059DG;81;8A1D23003RL643272;19/7/2025;Se le reparo barral balisas y Se le colocó 2 cubiertas nuevas traseras quedando operativo a los KM 140225.;JAVIER ACUÑA
AG445AJ;100;8A1D23007RL768484;19/7/2025;Se le cambio lámpara de alta y baja lado izquierdo.;JAVIER ACUÑA
AG278OZ;93;8A1D2300XRL750562;19/7/2025;Se le cambio lámpara de alta y baja lado derecho.;JAVIER ACUÑA
AG705QM;102;8A1D23003RL750631;19/7/2025;Se le colocó barral balisas, Se le instalo cámaras y DVR, Se le colocó calcos en puertas y capot quedando operativo a los KM 330.;JAVIER ACUÑA
AG196ZP;87;8A1D23009RL678592;19/7/2025;Se le colocó 2 cubiertas nuevas traseras quedando operativo a los KM 102058.;JAVIER ACUÑA
AF608ZD;74;8A1D23009PL291540;19/7/2025;Se le retificaron campanas y cintas , Se le reemplazo los cilindros frenos traseros quedando operativo a los KM 135403.;JAVIER ACUÑA
AF757AS;75;8A1D23004PL388029;22/7/2025;Se le realizó cambio de amortiguadores delanteros, Se le cambio ruleman y masa delantera lado izquierdo, Se le reemplazo parrillas suspensión inferior lado izquierdo y Se le reparo los frenos traseros quedando operativo a los KM 136523.;JAVIER ACUÑA
AF333BU;59;8A1D23002NL225375;22/7/2025;Se le agrego 2 litros de aceite.;JAVIER ACUÑA
AF421HY;63;8A1D23008NL225249;22/7/2025;Se le cambio lámpara de alta y baja lado izquierdo.;JAVIER ACUÑA
AG059DG;83;8A1D23000RL637820;25/7/2025; Se le reemplazo la bomba de agua quedando operativo a los KM 128073.;JAVIER ACUÑA
AE937QP;38;8AP359A02NU160191;25/7/2025;Se le realizó retificacion campanas y cintas frenos traseros quedando operativo a los KM 209011.;JAVIER ACUÑA
AE937QW;40;8A1D23001NL017603;26/7/2025;Se le agrego 2 litros de aceite.;JAVIER ACUÑA
AF857HF;78;8A1D23000PL387802;26/7/2025;Se le cambio lámpara de alta y baja lado izquierdo.;JAVIER ACUÑA
AG059DJ;82;8A1D23008RL637225;26/7/2025;Se le reemplazo regulador voltaje del alternador quedando operativo a los KM 180117.;JAVIER ACUÑA
AG366YU;98;8A1D2300XRL750674;26/7/2025;Se cambió lámpara de alta y baja lado izquierdo.;JAVIER ACUÑA
AF757AS;75;8A1D23004PL388029;26/7/2025;Se le reemplazo los espárragos y bulones rueda trasera izquierda quedando operativo a los KM 138399.;JAVIER ACUÑA
AG445AI;99;8A1D23000RL746035;26/7/2025;Se le cambio lámpara de alta y baja lado derecho;JAVIER ACUÑA
AF333BU;59;8A1D23002NL225375;29/7/2025;Se cambio la batería ya que la que tenía no servía más quedando operativo a los KM 173644.;JAVIER ACUÑA
AE937QP;38;8AP359A02NU160191;29/7/2025;Se le cambio el palabrisas.;JAVIER ACUÑA
AG315HD;95;8A1D2300XRL750576;29/7/2025;Se le cambio lámpara de alta y baja lado derecho.;JAVIER ACUÑA
AF174KK;48;8A1D23001NL135408;29/7/2025;Se le reemplazo ruleman y masa delantera lado derecho y Se le cambio las pastillas de frenos quedando operativo a los KM 167023.;JAVIER ACUÑA
AG278OY;92;8A1D23009RL754392;29/7/2025;Se le cambio lámpara de alta y baja lado derecho.;JAVIER ACUÑA
AF333BU;59;8A1D23002NL225375;30/7/2025;Se cambio la batería ya que la que tenía no servía más quedando operativo a los KM 173644.;JAVIER ACUÑA
AF452DA;64;8A1D23002PL242132;30/7/2025;Se le agrego 2 litros de aceite .;JAVIER ACUÑA
AG315HB;94;8A1D23003RL750581;30/7/2025;Se le reparo barral balisas quedando operativo;JAVIER ACUÑA
AF857HF;78;8A1D23000PL387802;30/7/2025;Se le reemplazo ruleman y masa delantera lado derecho quedando operativo a los KM 182497.;JAVIER ACUÑA
AF421HY;63;8A1D23008NL225249;30/7/2025;Se le cambio lámpara de alta y baja lado derecho.;JAVIER ACUÑA
MVE291;5;8A1CB2U01DL736928;31/7/2025;Se le realizó cambio de junta tapa de válvulas, Se le reemplaza el alternador, Se le cambio la butaca lado chófer y se le corrió puerta lado izquierdo quedando operativo a los KM 210068.;JAVIER ACUÑA
AG445AJ;100;8A1D23007RL768484;1/8/2025;Se le agrego 2 litros de aceite.;JAVIER ACUÑA
AF757AZ;77;8A1D23001PL387789;1/8/2025;Se le reemplazo lámparas de posición y stop trasero ambos lados.;JAVIER ACUÑA
AG278OZ;93;8A1D2300XRL750562;4/8/2025;Se le remplazo flexible de frenos delantero lado derecho y Se le cambio lámparas de posición y stop trasero ambos lados quedando operativo a los KM 116915.;JAVIER ACUÑA
AF481PB;67;8A1D23003PL269050;4/8/2025;Se le reemplazo ruleman y masa delantera lado izquierdo y Se le cambio manguera inferior radiador de agua por pedida de fluido quedando operativo a los KM 147486.;JAVIER ACUÑA
AF215FO;50;8A1D23006NL137221;5/8/2025;Se le reemplazo la Cruzeta del Cardan quedando operativo a los KM 144919.;JAVIER ACUÑA
AF174KK;48;8A1D23001NL135408;6/8/2025;Se le retificaron campanas y cintas Se le remplazo los cilindros de frenos traseros quedando operativo a los KM 167911.;JAVIER ACUÑA
AA909VM;16;93Y9SR5A6HJ634085;6/8/2025;Se le colocó 2 cubiertas nuevas traseras y Se le reemplazo el vidrios espejo externo lado izquierdo quedando operativo a los KM 118288.;JAVIER ACUÑA
AE37QP;38;8AP359A02NU160191;6/8/2025;Se le realizó cambio de filtros y aceite quedando operativo a los KM 210798.;JAVIER ACUÑA
AF421HY;63;8A1D23008NL225249;6/8/2025;Se le cambio los espárragos rueda delantera lado derecho quedando operativo a los KM 132394.;JAVIER ACUÑA
AG126UB;86;8A1D23000RL643777;6/8/2025;Se le entregó un criquet botella ya que el que tenía de tijera no servía más quedando operativo a los KM 97128.;JAVIER ACUÑA
AF571RW;71;8A1D23002PL269167;8/8/2025;Se le cambio ruleman y masa delantera lado derecho y Se le reemplazo mordaza de frenos lado derecho quedando operativo a los KM 176560;JAVIER ACUÑA
AF333BS;57;8A1D23009NL192519;8/8/2025;Se le cambio regulador voltaje del alternador quedando operativo a los KM 121799.;JAVIER ACUÑA
AG059DH;83;8A1D23000RL637820;8/8/2025;Se le cambio la batería ya que la que tenía no servía más quedando operativo a los KM 130786.;JAVIER ACUÑA
AF481PH;69;8A1D23009PL269053;13/8/2025;Se le reemplazo la batería ya que la que tenía no servía más quedando operativo a los KM 160772;JAVIER ACUÑA
AF174KK;48;8A1D23001NL135408;14/8/2025;Se le cambia homocinética delantera lado caja derecho y homocinética delantera lado izquierdo, Se le cambio ruleman y masa delantera lado izquierdo, Se le reemplazo los amortiguadores delanteros, Se le cambio mordaza lado izquierdo y pastillas de freno quedando operativo a los KM 168157;JAVIER ACUÑA
AF333BU;59;8A1D23002NL225375;14/8/2025;Se le cambio ruleman y masa delantera lado izquierdo, Se le reemplazo los amortiguadores delanteros y se le cambio las pastillas de frenos quedando operativo a los KM 175440.;JAVIER ACUÑA
AF481PB;67;8A1D23003PL269050;15/8/2025;Se le reemplazo la Cruzeta del Cardan quedando operativo a los KM 148656.;JAVIER ACUÑA
AG278OX;91;8A1D23008RL750558;15/8/2025;Se le reemplazo ruleman y masa delantera lado derecho y Se le cambio los amortiguadores delanteros quedando operativo a los KM 108254;JAVIER ACUÑA
AF333BV;60;8A1D23002PL234354;15/8/2025; Se le reemplazo Cruzeta del Cardan quedando operativo a los KM 165753.;JAVIER ACUÑA
AG126UE;86;8A1D23000RL643777;15/8/2025;Se le realizó cambio de ruleman y masa delantera lado derecho, Se le retificaron campanas y cintas y cambio de cilindros frenos traseros quedando operativo a los KM 100000.;JAVIER ACUÑA
AE937QP;38;8AP359A02NU160191;16/8/2025;Se pulgo el circuito de refrigerante quedando funcionando la calefacción y Se le agrego 2 litros de aceite quedando operativo a los KM 212300.;JAVIER ACUÑA
AG196ZQ;88;8A1D2300XRL705024;16/8/2025;Se le realizó reemplazo de la bomba de agua quedando operativo a los KM 106616.;JAVIER ACUÑA
NXI181;10;8A1CB2U01EL282207;16/8/2025;Se le realizó cambio de bujías y Se le reemplazo filtros y aceite quedando operativo a los KM 200287.;JAVIER ACUÑA
AG315HB;94;8A1D23003RL750581;16/8/2025;Se le cambio lámpara de alta y baja lado derecho.;JAVIER ACUÑA
AF757AS;75;8A1D23004PL388029;16/8/2025;Se le cambio lámpara de alta y baja lado derecho.;JAVIER ACUÑA
AF571RW;71;8A1D23002PL269167;19/8/2025;Se le reemplazo la correa poly-V y Se le agrego 2 litros de aceite quedando operativo a los KM 177374.;JAVIER ACUÑA
AE937QP;38;8AP359A02NU160191;19/8/2025;Se le reparo el limpiaparabrisas quedando operativo a los KM 212748.;JAVIER ACUÑA
AF215FN;49;8A1D23009NL137231;21/8/2025;Se le realizó cambio de regulador de voltaje al alternador Se le cambio lámpara de posición y stop trasero lado izquierdo y Se le entrego un criquet botella quedando operativo a los KM 125318.;JAVIER ACUÑA
AF215FO;50;8A1D23006NL137221;22/8/2025;Se le reemplazo ruleman y masa delantera lado izquierdo quedando operativo a los KM 146792.;JAVIER ACUÑA
AG705QQ;103;8A1D23001RL768484;22/8/2025;Se le reemplazo las pastillas de frenos quedando operativo a los KM 20727.;JAVIER ACUÑA
AF481PH;69;8A1D23009PL269053;26/8/2025;Se le reemplazo bujes de parrillas suspensión inferior de ambos lados, Se le cambio ruleman y masa delantera lado derecho quedando operativo a los KM 161868.;JAVIER ACUÑA
AF757AS;75;8A1D23004PL388029;26/8/2025;Se le reemplazo barral balisas y Se le reparo y acomo el paragolpe delantero quedando operativo a los KM 144742.;JAVIER ACUÑA
AF571RW;71;8A1D23002PL269167;27/8/2025;Se le realizó reemplazo bujes de parrillas suspensión inferior de ambos lados, Se le cambio los amortiguadores delanteros, Se le reemplazo homocinética delantera lado izquierdo y Se le realizó lavado y limpieza quedando operativo a los KM 178026.;JAVIER ACUÑA
AF481PB;67;8A1D23003PL269050;27/8/2025;Se le reemplazo la batería ya que la que tenía no servía más y se le cambio la correa poly-V quedando operativo a los KM 150134;JAVIER ACUÑA
MVE291;5;8A1CB2U01DL736928;27/8/2025;Se le realizó cambio de parrillas suspensión delantera, Se le reemplazo las herramientas de ambos lados, Se le cambio los extremos de dirección de ambos lados y Se le cambio las pastillas de frenos quedando operativo a los KM 211030.;JAVIER ACUÑA
AG278OX;91;8A1D23008RL750558;28/8/2025;Se le reemplazo flexible de frenos delantero lado derecho, Se regularon los 4 frenos y Se le agrego 1 litro y medio de aceite quedando operativo a los KM 110941.;JAVIER ACUÑA
AG196ZP;87;8A1D23009RL678592;29/8/2025;Se le agrego 1 litro y medio de aceite.;JAVIER ACUÑA
AF421HY;63;8A1D23008NL225249;29/8/2025;Se le cambio lámpara de alta y baja lado izquierdo.;JAVIER ACUÑA
AF481PB;67;8A1D23003PL269050;29/8/2025;Se le reemplazo regulador voltaje del alternador y se le cambio barral balisas quedando operativo a los KM 150344.;JAVIER ACUÑA
AG445AJ;100;8A1D23007RL768484;29/8/2025; Se le cambio lámpara de alta y baja lado izquierdo.;JAVIER ACUÑA
AF757AZ;77;8A1D23001PL387789;29/8/2025;Se le agrego 1 litro y medio de aceite quedando operativo.;JAVIER ACUÑA
AF481PH;69;8A1D23009PL269053;29/8/2025;Se le realizó lavado y limpieza a full , Se le lámpara de alta y baja lado derecho, Se le cambio lámpara de posición y stop trasero lado derecho, Se le reemplazo lámparas interna del techo y Se le agrego 1 litro de aceite quedando operativo a los KM 162109.;JAVIER ACUÑA
AE667QX;31;8A1D23005ML803211;29/8/2025;Se le reemplazo la batería ya que la que tenía no servía más quedando operativo a los KM 97665.;JAVIER ACUÑA
AG196ZQ;88;8A1D2300XRL705024;29/8/2025;Se le reemplazo el barral balisas ya que el que tenía dejó de funcionar quedando operativo a los KM 108846.;JAVIER ACUÑA
AG315HD;95;8A1D2300XRL750576;29/8/2025;Se le cambio lámpara de alta y baja lado izquierdo.;JAVIER ACUÑA
AF481PG;68;8A1D23009PL242158;29/8/2025;Se le reemplazo la batería ya que la que tenía no servía más quedando operativo a los KM 99279.;JAVIER ACUÑA
AG059DH;83;8A1D23000RL637820;29/8/2025;Se le reparo barral balisas y Se ajusto el espejo retrovisor lado izquierdo quedando operativo a los KM 135024.;JAVIER ACUÑA
AF215FN;49;8A1D23009NL137231;29/8/2025;Se le reemplazo tensor y rodillo de la correa poly-V y Se le cambio ruleman y masa delantera lado derecho quedando operativo a los KM 127781.;JAVIER ACUÑA
AF215FO;50;8A1D23006NL137221;1/9/2025;Se le retificaron campanas y cintas y se le reemplazo los cilindros de frenos traseros quedando operativo a los KM 147730.;JAVIER ACUÑA
AF333BV;60;8A1D23002PL234354;3/9/2025;Se le reemplazo ruleman y masa delantera lado izquierdo quedando operativo a los KM 167563.;JAVIER ACUÑA
AE937QP;38;8AP359A02NU160191;3/9/2025;Se le reparo el limpiaparabrisas y Se le agrego 1 litro de aceite quedando operativo a los KM 214854.;JAVIER ACUÑA
AF333BU;59;8A1D23002NL225375;3/9/2025;Se le reemplazo ruleman y masa delantera de ambos lados y Se le cambio las pastillas de frenos quedando operativo a los KM 177529.;JAVIER ACUÑA
AC515JH;21;8A1FC1315JL121988;3/9/2025;Se le realizó cambio de distribución completa con bomba de agua y Se le reemplazo el radiador de agua quedando operativo a los KM 168688.;JAVIER ACUÑA
AG059DG;81;8A1D23003RL643272;3/9/2025;Se le cambio lámpara de alta y baja lado derecho.;JAVIER ACUÑA
AG315HD;95;8A1D2300XRL750576;3/9/2025;Se le reemplazo el GPS quedando operativo.;JAVIER ACUÑA
AF571RW;71;8A1D23002PL269167;4/9/2025;Se le reemplazo la batería ya que la que tenía no servía más quedando operativo a los KM 178880.;JAVIER ACUÑA
AF481PG;68;8A1D23009PL242158;5/9/2025;Se le cambio las pastillas de frenos quedando operativo a los KM 100022.;JAVIER ACUÑA
AF757AZ;77;8A1D23001PL387789;5/9/2025;Se le colocó 2 cubiertas nuevas delanteras quedando operativo a los KM 128038.;JAVIER ACUÑA
AG705QQ;103;8A1D23001RL768484;5/9/2025;Se le cambio lámpara de alta y baja lado derecho.;JAVIER ACUÑA
AG278OX;91;8A1D23008RL750558;6/9/2025;Se le reparo barral balisas y Se le cambio lámpara de giro lado derecho quedando operativo a los KM 112708.;JAVIER ACUÑA
AG366YU;98;8A1D2300XRL750674;6/9/2025;Se le reemplazo el alternador con cambio de regulador de voltaje ya que el que tenía dejó de funcionar y Se le agrego 1 litro y medio de aceite quedando operativo a los KM 118869.;JAVIER ACUÑA
AG278OZ;93;8A1D2300XRL750562;6/9/2025;Se le cambio lámpara de alta y baja lado derecho.;JAVIER ACUÑA
AC515JH;21;8A1FC1315JL121988;6/9/2025;Se le colocó 2 cubiertas nuevas traseras quedando operativo a los KM 169068.;JAVIER ACUÑA
MVE291;5;8A1CB2U01DL736928;6/9/2025;Se le reemplazo el burro de arranque, Se le cambio comando de luces y Se le agrego 1 litro de aceite quedando operativo a los KM 214834.;JAVIER ACUÑA
AF333BT;58;8A15SRYE5PL235471;9/9/2025;Se le colocó calcos en puertas delanteras ambos lados quedando operativo.;JAVIER ACUÑA
AE937QN;36;8AP359A02NU160025;9/9/2025;Se le realizó limpieza cuerpo aceleración, Se le cambio correa poly-V, Se le realizó cambio de filtros y aceite y Se le reemplazo la batería ya que la que tenía no servía más  y Se le cambio lámpara H7 lado izquierdo quedando operativo a los KM 100929.;JAVIER ACUÑA
AG196ZS;90;8A1D23004RL705066;9/9/2025;Se le reemplazo la batería ya que la que tenía no servía más quedando operativo a los KM 76236.;JAVIER ACUÑA
AG315HG;96;8A1D23007RL754391;10/9/2025;Cambio de Parabrisas.;JAVIER ACUÑA
AE937QN;36;8AP359A02NU160025;10/9/2025;Se le reemplazo las parrillas suspensión delantera, Se le colocó las 4 cubiertas nuevas, Se le llevó a la VTV  quedando apto hasta 07/2026 quedando operativo a los KM 101086.;JAVIER ACUÑA
AF421HY;63;8A1D23008NL225249;10/9/2025;Se le reemplazo las pastillas de frenos quedando operativo a los KM 140759.;JAVIER ACUÑA
AG445AI;99;8A1D23000RL746035;10/9/2025;Se le cambio lámparas de alta y baja de ambos lados.;JAVIER ACUÑA
AE937QP;38;8AP359A02NU160191;11/9/2025;Se le reemplazo embrague placa, disco y ruleman de empuje y Se le cambio para central de caja quedando operativo a los KM 215935.;JAVIER ACUÑA
AF481PB;67;8A1D23003PL269050;11/9/2025;Se le agrego 2 litros de aceite y Se le cambio lámpara de alta y baja lado izquierdo quedando operativo a los KM 152080.;JAVIER ACUÑA
AG278OY;92;8A1D23009RL754392;11/9/2025;Se le cambio lámpara de alta y baja lado izquierdo.;JAVIER ACUÑA
AF215FN;49;8A1D23009NL137231;11/9/2025;Se le cambio lámpara de alta y baja lado derecho.;JAVIER ACUÑA
AG278OY;92;8A1D23009RL754392;11/9/2025;Se le cambio lámpara de alta y baja lado izquierdo.;JAVIER ACUÑA
AG126UE;86;8A1D23000RL643777;11/9/2025;Se le reemplazo ruleman y masa delantera lado izquierdo y Se le cambio las pastillas de frenos quedando operativo a los KM 103376.;JAVIER ACUÑA
AF333BV;60;8A1D23002PL234354;11/9/2025;Se le reemplazo las pastillas de frenos quedando operativo a los KM 168560.;JAVIER ACUÑA
AG278OZ;93;8A1D2300XRL750562;11/9/2025;Se le cambio los amortiguadores traseros quedando operativo a los KM 126578.;JAVIER ACUÑA
AG315HD;95;8A1D2300XRL750576;11/9/2025;Se le reemplazo ruleman y masa delantera lado derecho quedando operativo a los KM 108914;JAVIER ACUÑA
AF757AU;76;8A1D23004PL388032;11/9/2025;Se le reemplazo la batería ya que la que tenía no servía más quedando operativo a los KM 186291.;JAVIER ACUÑA
AG196ZP;87;8A1D23009RL678592;11/9/2025;Se le agrego 2 litros de aceite quedando operativo a los KM 122662.;JAVIER ACUÑA
AF481PB;67;8A1D23003PL269050;11/9/2025;Se le reemplazo ruleman y masa delantera lado izquierdo y Se le cambio lámpara de alta y baja lado derecho quedando operativo a los KM 152724.;JAVIER ACUÑA
AG196ZR;89;8A1D23004RL705035;11/9/2025;Se le colocó las 4 cubiertas nuevas quedando operativo a los KM 76119.;JAVIER ACUÑA
AG278OY;92;8A1D23009RL754392;11/9/2025;se le colocó 2 cubiertas nuevas traseras quedando operativo a los KM 111433.;JAVIER ACUÑA
AF421HY;63;8A1D23008NL225249;18/9/2025;Se le retificaron campanas y cintas  y Se le reemplazo los cilindros de frenos traseros quedando operativo a los KM 142263.;JAVIER ACUÑA
MVE291;5;8A1CB2U01DL736928;18/9/2025;Se le cambio las 4 bujías , Se le reemplazo deposito de agua y Se le cambio bulbo de aceite quedando operativo a los KM 216036.;JAVIER ACUÑA
AF481PB;67;8A1D23003PL269050;18/9/2025;Se le reemplazo motor y guías levanta vidrio puerta delantera lado derecho quedando operativo a los KM 153647.;JAVIER ACUÑA
AG705QM;102;8A1D23003RL750631;18/9/2025;Se le cambio Lámpara de alta y baja lado derecho y Se le reemplazo las pastillas de frenos quedando operativo a los KM 21114.;JAVIER ACUÑA
AF215FO;50;8A1D23006NL137221;19/9/2025;Se le reemplazo ruleman y masa delantera de ambos lados y Se le cambio barral balisas ya que el que tenía no dejó de funcionar quedando operativo a los KM 150775.;JAVIER ACUÑA
NXI188;12;8A1CB2U01EL256316;22/9/2025;Se le realizó motor nuevo , Se le colocó embrague nuevo , Se le cambio los amortiguadores delanteros y traseros nuevos , Se le colocó las 4 cubiertas nuevas con alineación y balanceo, Se colocó filtros y aceite, Se le reemplazo Sensor de escape,;JAVIER ACUÑA
NXI188;12;8A1CB2U01EL256316;22/9/2025;Se colocó bobina de encendido, con los cables y las 4 bujías nuevas , se le colocó tambor llave de baúl , se le cambio las manijas levanta vidrio , Se le reemplazo ruleman y homocinética delantera lado derecho, Se le colocó funda en los asientos, Se le colocó una batería nueva y Se le realizó la VTV quedando apto hasta y operativo a los KM 235807.;JAVIER ACUÑA
AF757AS;75;8A1D23004PL388029;22/9/2025;Se le cambio lámpara de alta y baja lado derecho.;JAVIER ACUÑA
AF215FN;49;8A1D23009NL137231;22/9/2025;Se le cambio ruleman y masa delantera lado izquierdo, Se le reemplazo los amortiguadores delanteros y se le cambio el Cardan del 4x4 quedando operativo a los KM 131721.;JAVIER ACUÑA
AF270OX;54;8A15SRYE5NL153755;22/9/2025;Se le cambio la batería ya que la que tenía no servía más quedando operativo a los KM 67348.;JAVIER ACUÑA
AG315HB;94;8A1D23003RL750581;22/9/2025;Se le cambio lámpara de posición y stop trasero lado derecho;JAVIER ACUÑA
AF333BU;59;8A1D23002NL225375;22/9/2025;Se le reemplazo ruleman y masa delantera lado derecho quedando operativo a los KM 179124.;JAVIER ACUÑA
AF481PG;68;8A1D23009PL242158;22/9/2025;Se le cambio lámpara de alta y baja lado derecho.;JAVIER ACUÑA
NXI188;12;8A1CB2U01EL256316;22/9/2025;Se le hizo cambio de bomba de agua y distribucion completa a los  235.807 km;JAVIER ACUÑA
AG445AI;99;8A1D23000RL746035;23/9/2025;Se le reemplazo las pastillas de frenos quedando operativo a los KM 137631.;JAVIER ACUÑA
AA909VM;16;93Y9SR5A6HJ634085;23/9/2025;Se le cambio la batería ya que la que tenía no servía más quedando operativo a los KM 120834.;JAVIER ACUÑA
AF333BW;61;8A15SRYE5PL235644;23/9/2025;Se lo dejó en el servís Renault para el servicio de los 90 mil KM.;JAVIER ACUÑA
AG278OZ;93;8A1D2300XRL750562;23/9/2025;Se le reemplazo ruleman y masa delantera lado derecho y Se le cambio las pastillas de frenos quedando operativo a los KM 129531.;JAVIER ACUÑA
AF333BV;60;8A1D23002PL234354;24/9/2025;Se le reemplazo ruleman y masa delantera de ambos lados y Se le cambio los amortiguadores delanteros quedando operativo a los KM 159665.;JAVIER ACUÑA
AF047UQ;42;8A1D23007NL017668;24/9/2025;Se le cambio la bateria quedando operativo a los km 177194.;JAVIER ACUÑA
AG196ZP;87;8A1D23009RL678592;29/9/2025;Se le reemplazo la batería ya que la que tenía no servía más quedando operativo a los KM 126044.;JAVIER ACUÑA
AF757AS;75;8A1D23004PL388029;29/9/2025;Se le acomodo paragolpe delantero, Se le colocó correa aire acondicionado quedando operativo a los KM 151697;JAVIER ACUÑA
AG012UV;80;8A1D23000PL613529;29/9/2025;Se le realizó rotación de ruedas y alineación y balanceo quedando operativo a los KM 47359.;JAVIER ACUÑA
AG059DH;83;8A1D23000RL637820;29/9/2025;Se le colocó 2 cubiertas nuevas delanteras quedando operativo a los KM 140220.;JAVIER ACUÑA
AG315HD;95;8A1D2300XRL750576;29/9/2025;Se le reemplazo ruleman y masa delantera lado izquierdo, Se le cambio los amortiguadores delanteros y Se le reemplazo las pastillas de frenos y Lámpara de alta y baja lado derecho quedando operativo a los KM 112878.;JAVIER ACUÑA
AF047UQ;42;8A1D23007NL017668;29/9/2025;Se reemplazo ruleman y masa delantera lado izquierdo y Se le retificaron campanas y cintas y se le cambio los cilindros frenos traseros quedando operativo a los KM 177410.;JAVIER ACUÑA
AF757AZ;77;8A1D23001PL387789;29/9/2025;Se le cambio lámpara de alta y baja lado derecho;JAVIER ACUÑA
AC515JI;22;8A1FC1315JL121998;29/9/2025;Se le realizó retificacion tapa de cilindro, Se le colocó distribución completa con bomba de agua, Se le reemplazo las pastillas de frenos, se le cambio homocinética delantera lado derecho, Se le reemplazo las bobinas de encendido y se le colocó 4 cubiertas nuevas quedando operativo a los KM 169250.;JAVIER ACUÑA
AF481PG;68;8A1D23009PL242158;29/9/2025;Se le cambio lámpara de alta y baja lado izquierdo.;JAVIER ACUÑA
AF481PH;69;8A1D23009PL269053;29/9/2025;Se le reemplazo ruleman y masa delantera lado derecho quedando operativo a los KM 164933.;JAVIER ACUÑA
AG126UB;84;8A1D23003RL643370;29/9/2025;Se le cambio lámpara de alta y baja lado derecho.;JAVIER ACUÑA
AF421HY;63;8A1D23008NL225249;1/10/2025;Se le reemplazo precap y extremo de dirección lado izquierdo quedando operativo a los KM 145556.;JAVIER ACUÑA
AF333BV;60;8A1D23002PL234354;2/10/2025;Se le reemplazo los espárragos rueda delantera lado derecho quedando operativo a los KM 170374.;JAVIER ACUÑA
AG126UE;86;8A1D23000RL643777;2/10/2025;Se le reemplazo ruleman y masa delantera lado derecho y Se le cambio tensor correa poly-V quedando operativo a los KM 106589.;JAVIER ACUÑA
AB934RE;19;8A1FC1315JL042622;4/10/2025;Se le realizó cambio de aceite y filtros y Se le reemplazo las 4 bujías quedando operativo a los KM 159234.;JAVIER ACUÑA
AF571RX;70;8A1D23008PL269156;4/10/2025;Se le reemplazo ruleman y masa delantera de ambos lados, Se le cambio las pastillas de frenos y Se le retificaron campanas y cintas frenos traseros quedando operativo a los KM 139862.;JAVIER ACUÑA
AB027KF;18;93Y9SR5A6HJ522171;6/10/2025; Se le realizó cambio de filtros y aceite quedando operativo a los KM 193186.;JAVIER ACUÑA
AF215FN;49;8A1D23009NL137231;6/10/2025;Se le reemplazo la batería ya que la que tenía no servía más quedando operativo a los KM 135004.;JAVIER ACUÑA
AF421HY;63;8A1D23008NL225249;6/10/2025;Se le reemplazo ruleman y masa delantera lado derecho y Se le cambio lámpara de alta y baja lado derecho quedando operativo a los KM 146482.;JAVIER ACUÑA
AG278OZ;93;8A1D2300XRL750562;6/10/2025;Se le reemplazo la batería ya que la que tenía no servía más quedando operativo a los KM 132747.;JAVIER ACUÑA
AF421HY;63;8A1D23008NL225249;13/10/2025;Se le reemplazo flexible de frenos delantero lado izquierdo quedando operativo a los 147506.;JAVIER ACUÑA
AF047UQ;42;8A1D23007NL017668;13/10/2025;Se le reemplazo los amortiguadores delanteros y Se le cambio las pastillas de frenos quedando operativo a los KM 178426.;JAVIER ACUÑA
AG315HD;95;8A1D2300XRL750576;13/10/2025;Se le cambio lámpara de alta y baja lado izquierdo y Lámpara trasera de posición y stop lado derecho.;JAVIER ACUÑA
AF857HF;78;8A1D23000PL387802;13/10/2025;Se le cambio ruleman y masa delantera lado derecho y Se le cambio las pastillas de frenos quedando operativo a los KM 188922.;JAVIER ACUÑA
AF608ZD;74;8A1D23009PL291540;13/10/2025;Se le reemplazo ruleman y masa delantera de ambos lados, Se le cambio los amortiguadores delanteros, Se le cambio las pastillas de frenos, Se le colocó calcos en capot , Se le reemplazo las butacas y Se le colocó 2 cubiertas nuevas delanteras quedando operativo a los KM 137262;JAVIER ACUÑA
AF481PG;68;8A1D23009PL242158;13/10/2025;Se le cambio lámpara de alta y baja lado derecho;JAVIER ACUÑA
AG445AJ;100;8A1D23007RL768484;13/10/2025; Se le agrego 3 litros de aceite quedando operativo a los KM 77627.;JAVIER ACUÑA
AF571RW;71;8A1D23002PL269167;13/10/2025;Se le reemplazo ruleman y masa delantera lado izquierdo quedando operativo a los KM 178938.;JAVIER ACUÑA
AG196ZP;87;8A1D23009RL678592;13/10/2025;Se le cambio lámpara de alta y baja lado derecho.;JAVIER ACUÑA
AF333BV;60;8A1D23002PL234354;13/10/2025;Se le reemplazo las pastillas de frenos y Se le reparo barral balisas quedando operativo ;JAVIER ACUÑA
AF174KK;48;8A1D23001NL135408;13/10/2025;Se le reemplazo ruleman y masa delantera lado izquierdo y Se le cambio Cardan del 4x4 quedando operativo a los KM 171250.;JAVIER ACUÑA
AF333BU;59;8A1D23002NL225375;13/10/2025;Se le reemplazó ruleman y masa delantera lado izquierdo y Se le cambio las pastillas de frenos quedando operativo a los KM 181089.;JAVIER ACUÑA
AF215FN;49;8A1D23009NL137231;13/10/2025;Se le reemplazo cremallera de dirección, Se le cambio la caja del 4x4 con los  Semiejes quedando operativo a los KM 135388.;JAVIER ACUÑA
AG196ZQ;88;8A1D2300XRL705024;15/10/2025;Se le reemplazo ruleman y masa delantera lado izquierdo quedando operativo a los KM 116134;JAVIER ACUÑA
AF542DA;64;8A1D23002PL242132;15/10/2025;Se le agrego 1 litro y medio de aceite quedando operativo a los KM 115254.;JAVIER ACUÑA
AG315HD;95;8A1D2300XRL750576;15/10/2025;Se le colocó 4 cubiertas nuevas quedando operativo a los KM 118279.;JAVIER ACUÑA
AF421HY;62;8A15SRYE5PL270935;15/10/2025;Se le cambio lámpara H7 lado derecho quedando operativo;JAVIER ACUÑA
AG278OZ;93;8A1D2300XRL750562;16/10/2025;Se le colocó 2 cubiertas nuevas delanteras quedando operativo a los KM 135481.;JAVIER ACUÑA
AG315HB;94;8A1D23003RL750581;16/10/2025;Se le cambio lámpara de Giro delantero lado derecho.;JAVIER ACUÑA
AF333BV;60;8A1D23002PL234354;16/10/2025;Se le agrego 2 litros de aceite a los KM 171204.;JAVIER ACUÑA
AG445AJ;100;8A1D23007RL768484;16/10/2025;Se le reemplazo la batería ya que la que tenía no servía más quedando operativo a los KM 79323.;JAVIER ACUÑA
AG126UE;86;8A1D23000RL643777;20/10/2025;Se le reemplazo ruleman y masa delantera lado izquierdo quedando operativo a los KM 108925.;JAVIER ACUÑA
AF333BW;61;8A15SRYE5PL235644;20/10/2025;Se le agrego 1 litro y medio de aceite quedando operativo.;JAVIER ACUÑA
AG059DH;83;8A1D23000RL637820;20/10/2025;Se le cambio lámpara de alta y baja lado izquierdo y Se le cambio lámpara de Giro delantera lado izquierdo. Quedando operativo.;JAVIER ACUÑA
AF215FN;49;8A1D23009NL137231;20/10/2025;Se le cambio la batería ya que la que tenía no servía más quedando operativo a los KM 135900.;
AA909VM;16;93Y9SR5A6HJ634085;20/10/2025;Se le agrego 1 litro de aceite quedando operativo.;
AG445AJ;100;8A1D23007RL768484;20/10/2025;Se le reemplazo la vieleta barra estabilizadora delantera lado derecho quedando operativo a los KM 79605.;
AF571RW;71;8A1D23002PL269167;20/10/2025;Se le cambio lámpara de alta y baja lado derecho.;
AF757AS;74;8A1D23009PL291540;22/10/2025;Se le reemplazo ruleman y masa delantera lado derecho, Se le cambio bujes parrillas suspensión delantera lado derecho y Se le cambio las pastillas de frenos quedando operativo a los KM 156255.;
AF452DA;64;8A1D23002PL242132;22/10/2025;Se le cambio la batería ya que la que tenía no servía más quedando operativo a los KM 116578.;
AF333BV;60;8A1D23002PL234354;22/10/2025;Se le reemplazo el alternador y Se le cambio la batería ya que la que tenía no servía más quedando operativo a los KM 171242.;
;;;;;
;;;;;
;;;;;
;;;;;
;;;;;
